ADD_AGENTFACILITATEURCATEGORY|/Application|nom_0_ybhg24co0c|
ADD_AGENTFACILITATEURCATEGORY|/Application|nom_0_zkgrkha54s|
ADD_AGENTFACILITATEURCATEGORY|/Application|nom_0_75j4l63uxf|
ADD_AGENTFACILITATEURCATEGORY|/Application|nom_0_uevp4wzlga|
ADD_AGENTFACILITATEURCATEGORY|/Application|nom_0_m4c9mepe4s|
ADD_AGENTFACILITATEURCATEGORY|/Application|nom_0_p9z9q4gxk4|
ADD_AGENTFACILITATEURCATEGORY|/Application|nom_0_1syner260b|
ADD_AGENTFACILITATEURCATEGORY|/Application|nom_0_c8ugbsea7c|
ADD_AGENTFACILITATEURCATEGORY|/Application|nom_0_jppvqaoapy|
ADD_AGENTFACILITATEURCATEGORY|/Application|nom_0_wzmbh8oin0|
ADD_AGENTFACILITATEURCATEGORY|/Application|nom_0_dk8ku16m0l|
ADD_AGENTFACILITATEURCATEGORY|/Application|nom_0_qacsso7yud|
ADD_AGENTFACILITATEURCATEGORY|/Application|nom_0_j39oxk6z7r|
ADD_AGENTFACILITATEURCATEGORY|/Application|nom_0_8iwb54xsty|
ADD_AGENTFACILITATEURCATEGORY|/Application|nom_0_8s4klxd4ys|
ADD_AGENTFACILITATEURCATEGORY|/Application|nom_0_jyupvjqhvy|
ADD_AGENTFACILITATEURCATEGORY|/Application|nom_0_rat7vzyfn3|
ADD_AGENTFACILITATEURCATEGORY|/Application|nom_0_983zgktzsi|
ADD_AGENTFACILITATEURCATEGORY|/Application|nom_0_9vk54zf2iv|
ADD_AGENTFACILITATEURCATEGORY|/Application|nom_0_x2q6qcxl7j|
ADD_AGENTFACILITATEURCATEGORY|/Application|nom_0_ez9yid420r|
ADD_AGENTFACILITATEURCATEGORY|/Application|nom_0_9g29dcqy4r|
ADD_AGENTFACILITATEURCATEGORY|/Application|nom_0_bp8473q8am|
ADD_AGENTFACILITATEURCATEGORY|/Application|nom_0_ul8zxoxgbz|
ADD_AGENTFACILITATEURCATEGORY|/Application|nom_0_b7hc1mmior|
ADD_AGENTFACILITATEURCATEGORY|/Application|nom_0_2w5b4jipet|
ADD_AGENTFACILITATEURCATEGORY|/Application|nom_0_wxtrzhfznb|
ADD_AGENTFACILITATEURCATEGORY|/Application|nom_0_uznj8cg9fn|
ADD_AGENTFACILITATEURCATEGORY|/Application|nom_0_i21cnfzg1y|
ADD_AGENTFACILITATEURCATEGORY|/Application|nom_0_ayvjpjsij5|
ADD_AGENTFACILITATEURCATEGORY|/Application|nom_0_47y1ke05dm|
ADD_AGENTFACILITATEURCATEGORY|/Application|nom_0_z9dg369q6j|
ADD_AGENTFACILITATEURCATEGORY|/Application|nom_0_qvy5qxqzny|
ADD_AGENTFACILITATEURCATEGORY|/Application|nom_0_gghtdese2j|
ADD_AGENTFACILITATEURCATEGORY|/Application|nom_0_szwvdf77rg|
ADD_AGENTFACILITATEURCATEGORY|/Application|nom_0_hv760ja559|
ADD_AGENTFACILITATEURCATEGORY|/Application|nom_0_oxevb4twnn|
ADD_AGENTFACILITATEURCATEGORY|/Application|nom_0_65xp3gtfuu|
ADD_AGENTFACILITATEURCATEGORY|/Application|nom_0_dkx6zpaka4|
ADD_AGENTFACILITATEURCATEGORY|/Application|nom_0_hibaek8l1o|
ADD_AGENTFACILITATEURCATEGORY|/Application|nom_0_66fnlein56|
ADD_AGENTFACILITATEURCATEGORY|/Application|nom_0_lb8ahpswne|
ADD_AGENTFACILITATEURCATEGORY|/Application|nom_0_f6ck22a91u|
ADD_AGENTFACILITATEURCATEGORY|/Application|nom_0_r5str5z5oh|
ADD_AGENTFACILITATEURCATEGORY|/Application|nom_0_j3sxzvhe8k|
ADD_AGENTFACILITATEURCATEGORY|/Application|nom_0_dmu7qc138x|
ADD_AGENTFACILITATEURCATEGORY|/Application|nom_0_ey8dm97su2|
ADD_AGENTFACILITATEURCATEGORY|/Application|nom_0_4rp285570n|
ADD_AGENTFACILITATEURCATEGORY|/Application|nom_0_oi0v2msf9c|
ADD_AGENTFACILITATEURCATEGORY|/Application|nom_0_etzi3607la|
ADD_AGENTFACILITATEURCATEGORY|/Application|nom_0_ja8y2s7z9b|
ADD_AGENTFACILITATEURCATEGORY|/Application|nom_0_4i5cah9u5b|
ADD_AGENTFACILITATEURCATEGORY|/Application|nom_0_y5kucowl2z|
ADD_AGENTFACILITATEURCATEGORY|/Application|nom_0_vnsp731qcb|
ADD_AGENTFACILITATEURCATEGORY|/Application|nom_0_yd43k3plxg|
ADD_AGENTFACILITATEURCATEGORY|/Application|nom_0_tetts129ru|
ADD_AGENTFACILITATEURCATEGORY|/Application|nom_0_wj7001vvao|
ADD_AGENTFACILITATEURCATEGORY|/Application|nom_0_upwexxda6r|
ADD_AGENTFACILITATEURCATEGORY|/Application|nom_0_18cqb6ndjh|
ADD_AGENTFACILITATEURCATEGORY|/Application|nom_0_4ibx09oejx|
ADD_AGENTFACILITATEURCATEGORY|/Application|nom_0_lho27dptct|
ADD_AGENTFACILITATEURCATEGORY|/Application|nom_0_j4xdxm992w|
ADD_AGENTFACILITATEURCATEGORY|/Application|nom_0_qmfjiq632e|
ADD_AGENTFACILITATEURCATEGORY|/Application|nom_0_gzz8gqej65|
ADD_AGENTFACILITATEURCATEGORY|/Application|nom_0_thzobdmcbb|
ADD_AGENTFACILITATEURCATEGORY|/Application|nom_0_uhaky5dbjk|
ADD_AGENTFACILITATEURCATEGORY|/Application|nom_0_1hyir98423|
ADD_AGENTFACILITATEURCATEGORY|/Application|nom_0_5pqgzlrbc1|
ADD_AGENTFACILITATEURCATEGORY|/Application|nom_0_uslokeujd8|
ADD_AGENTFACILITATEURCATEGORY|/Application|nom_0_t96j0uelah|
ADD_AGENTFACILITATEURCATEGORY|/Application|nom_0_x58h6tawl|
ADD_AGENTFACILITATEURCATEGORY|/Application|nom_0_2fbtx9k2u|
ADD_AGENTFACILITATEURCATEGORY|/Application|nom_0_w9vzw4h5ia|
ADD_AGENTFACILITATEURCATEGORY|/Application|nom_0_zeciv3ri3o|
ADD_AGENTFACILITATEURCATEGORY|/Application|nom_0_3479v2kim2|
ADD_AGENTFACILITATEURCATEGORY|/Application|nom_0_lo9nsgxfiz|
ADD_AGENTFACILITATEURCATEGORY|/Application|nom_0_altys8hx2z|
ADD_AGENTFACILITATEURCATEGORY|/Application|nom_0_rif8ymk3ys|
ADD_AGENTFACILITATEURCATEGORY|/Application|nom_0_c3h3zky0u3|
ADD_AGENTFACILITATEURCATEGORY|/Application|nom_0_i04d1cr59t|
ADD_AGENTFACILITATEURCATEGORY|/Application|nom_0_twfcqi7sbi|
ADD_AGENTFACILITATEURCATEGORY|/Application|nom_0_4g5qn4kr9z|
ADD_AGENTFACILITATEURCATEGORY|/Application|nom_0_qogehc35h1|
ADD_AGENTFACILITATEURCATEGORY|/Application|nom_0_v8ynhlvkgy|
ADD_AGENTFACILITATEURCATEGORY|/Application|nom_0_3lqn750mlj|
ADD_AGENTFACILITATEURCATEGORY|/Application|nom_0_tgrwied8p7|
ADD_AGENTFACILITATEURCATEGORY|/Application|nom_0_63zl8xkonl|
ADD_AGENTFACILITATEURCATEGORY|/Application|nom_0_5lw9i9b0f6|
ADD_AGENTFACILITATEURCATEGORY|/Application|nom_0_zt8uibm7cd|
ADD_AGENTFACILITATEURCATEGORY|/Application|nom_0_6syp8s127e|
ADD_AGENTFACILITATEURCATEGORY|/Application|nom_0_zmkhx0umnf|
ADD_AGENTFACILITATEURCATEGORY|/Application|nom_0_k747kb529z|
ADD_AGENTFACILITATEURCATEGORY|/Application|nom_0_8m6x3tv2g3|
ADD_AGENTFACILITATEURCATEGORY|/Application|nom_0_smq6lku644|
ADD_AGENTFACILITATEURCATEGORY|/Application|nom_0_g1qzp2vghy|
ADD_AGENTFACILITATEURCATEGORY|/Application|nom_0_16vruk4j9m|
ADD_AGENTFACILITATEURCATEGORY|/Application|nom_0_e5qfafen4n|
ADD_AGENTFACILITATEURCATEGORY|/Application|nom_0_nkqslbaczn|
ADD_AGENTFACILITATEURCATEGORY|/Application|nom_0_ek3wohioy4|
ADD_AGENTFACILITATEURCATEGORY|/Application|nom_0_14jl8kp48q|
