ADD_AMBASSADEURCATEGORY|/Application|nom_0_9ylsam57ls|
ADD_AMBASSADEURCATEGORY|/Application|nom_0_ndndkl0rkm|
ADD_AMBASSADEURCATEGORY|/Application|nom_0_2ez6mkwlk8|
ADD_AMBASSADEURCATEGORY|/Application|nom_0_nq51r6csgp|
ADD_AMBASSADEURCATEGORY|/Application|nom_0_e4auzlclaj|
ADD_AMBASSADEURCATEGORY|/Application|nom_0_ju8oglfyaw|
ADD_AMBASSADEURCATEGORY|/Application|nom_0_mwvyzaf5yj|
ADD_AMBASSADEURCATEGORY|/Application|nom_0_cjcelxnvrf|
ADD_AMBASSADEURCATEGORY|/Application|nom_0_2rw7s9mnum|
ADD_AMBASSADEURCATEGORY|/Application|nom_0_1941q332kn|
ADD_AMBASSADEURCATEGORY|/Application|nom_0_xp8bi50vp7|
ADD_AMBASSADEURCATEGORY|/Application|nom_0_gw8yll1l4j|
ADD_AMBASSADEURCATEGORY|/Application|nom_0_ntscksc1t2|
ADD_AMBASSADEURCATEGORY|/Application|nom_0_araancoqnb|
ADD_AMBASSADEURCATEGORY|/Application|nom_0_3f39y240ts|
ADD_AMBASSADEURCATEGORY|/Application|nom_0_6ye147u2ca|
ADD_AMBASSADEURCATEGORY|/Application|nom_0_llwmmwit67|
ADD_AMBASSADEURCATEGORY|/Application|nom_0_fr5vxpq4xn|
ADD_AMBASSADEURCATEGORY|/Application|nom_0_3v99b13knz|
ADD_AMBASSADEURCATEGORY|/Application|nom_0_6r8zpkuyt3|
ADD_AMBASSADEURCATEGORY|/Application|nom_0_pfgfjhke6u|
ADD_AMBASSADEURCATEGORY|/Application|nom_0_akcohjh9b9|
ADD_AMBASSADEURCATEGORY|/Application|nom_0_fkv753o5px|
ADD_AMBASSADEURCATEGORY|/Application|nom_0_ereibh8nre|
ADD_AMBASSADEURCATEGORY|/Application|nom_0_8u3m44hspu|
ADD_AMBASSADEURCATEGORY|/Application|nom_0_bfm2q2vq1|
ADD_AMBASSADEURCATEGORY|/Application|nom_0_wrngc1sflz|
ADD_AMBASSADEURCATEGORY|/Application|nom_0_gvh4xsn5mu|
ADD_AMBASSADEURCATEGORY|/Application|nom_0_h24n2c1z1t|
ADD_AMBASSADEURCATEGORY|/Application|nom_0_lsgmpqrtbv|
ADD_AMBASSADEURCATEGORY|/Application|nom_0_p1p3akfij7|
ADD_AMBASSADEURCATEGORY|/Application|nom_0_maympi4xau|
ADD_AMBASSADEURCATEGORY|/Application|nom_0_5p2t1zyqc0|
ADD_AMBASSADEURCATEGORY|/Application|nom_0_bcwxmdkkvj|
ADD_AMBASSADEURCATEGORY|/Application|nom_0_oydbrn3v4a|
ADD_AMBASSADEURCATEGORY|/Application|nom_0_51koexv96r|
ADD_AMBASSADEURCATEGORY|/Application|nom_0_ozji2kdg9y|
ADD_AMBASSADEURCATEGORY|/Application|nom_0_bt838bxal1|
ADD_AMBASSADEURCATEGORY|/Application|nom_0_30zglyc2jr|
ADD_AMBASSADEURCATEGORY|/Application|nom_0_9448wg21x0|
ADD_AMBASSADEURCATEGORY|/Application|nom_0_29k1saefb|
ADD_AMBASSADEURCATEGORY|/Application|nom_0_ecn9xoa12m|
ADD_AMBASSADEURCATEGORY|/Application|nom_0_t1dnfcbzhx|
ADD_AMBASSADEURCATEGORY|/Application|nom_0_njdeb9dgn4|
ADD_AMBASSADEURCATEGORY|/Application|nom_0_mmovpw68vo|
ADD_AMBASSADEURCATEGORY|/Application|nom_0_zu18pgj7ct|
ADD_AMBASSADEURCATEGORY|/Application|nom_0_vatpk0atk9|
ADD_AMBASSADEURCATEGORY|/Application|nom_0_lnncqaqdlk|
ADD_AMBASSADEURCATEGORY|/Application|nom_0_k4dsk663ux|
ADD_AMBASSADEURCATEGORY|/Application|nom_0_uu7rglkstl|
ADD_AMBASSADEURCATEGORY|/Application|nom_0_eul25h0x4u|
ADD_AMBASSADEURCATEGORY|/Application|nom_0_z1slv4wm4p|
ADD_AMBASSADEURCATEGORY|/Application|nom_0_gf33iqjlyx|
ADD_AMBASSADEURCATEGORY|/Application|nom_0_u1gbloyq3r|
ADD_AMBASSADEURCATEGORY|/Application|nom_0_b0ci9psftt|
ADD_AMBASSADEURCATEGORY|/Application|nom_0_80se7frb37|
ADD_AMBASSADEURCATEGORY|/Application|nom_0_gbyq5xwd0s|
ADD_AMBASSADEURCATEGORY|/Application|nom_0_ind2t7ykd7|
ADD_AMBASSADEURCATEGORY|/Application|nom_0_6jp34sq94b|
ADD_AMBASSADEURCATEGORY|/Application|nom_0_p2l40fd86l|
ADD_AMBASSADEURCATEGORY|/Application|nom_0_uqefh5so2x|
ADD_AMBASSADEURCATEGORY|/Application|nom_0_85oqdj8wer|
ADD_AMBASSADEURCATEGORY|/Application|nom_0_jgasyh8ge1|
ADD_AMBASSADEURCATEGORY|/Application|nom_0_vuy0d6dnke|
ADD_AMBASSADEURCATEGORY|/Application|nom_0_w2xmqdtmot|
ADD_AMBASSADEURCATEGORY|/Application|nom_0_jz7cpjjvqs|
ADD_AMBASSADEURCATEGORY|/Application|nom_0_khozw9cvdp|
ADD_AMBASSADEURCATEGORY|/Application|nom_0_qvqxiv9wrq|
ADD_AMBASSADEURCATEGORY|/Application|nom_0_9tle6b6w0t|
ADD_AMBASSADEURCATEGORY|/Application|nom_0_uxilbuydfw|
ADD_AMBASSADEURCATEGORY|/Application|nom_0_56f24f10tg|
ADD_AMBASSADEURCATEGORY|/Application|nom_0_gvng838xlf|
ADD_AMBASSADEURCATEGORY|/Application|nom_0_ss62h5go5v|
ADD_AMBASSADEURCATEGORY|/Application|nom_0_ssgr63r7yl|
ADD_AMBASSADEURCATEGORY|/Application|nom_0_t49nywhxok|
ADD_AMBASSADEURCATEGORY|/Application|nom_0_6cd2x1po2l|
ADD_AMBASSADEURCATEGORY|/Application|nom_0_r8rqz77wd8|
ADD_AMBASSADEURCATEGORY|/Application|nom_0_4a8h2apuwu|
ADD_AMBASSADEURCATEGORY|/Application|nom_0_smk3w4o27m|
ADD_AMBASSADEURCATEGORY|/Application|nom_0_acuoonbeyd|
ADD_AMBASSADEURCATEGORY|/Application|nom_0_ze14vjg934|
ADD_AMBASSADEURCATEGORY|/Application|nom_0_om57llslbf|
ADD_AMBASSADEURCATEGORY|/Application|nom_0_l6n1bdmqnt|
ADD_AMBASSADEURCATEGORY|/Application|nom_0_www0unv4lp|
ADD_AMBASSADEURCATEGORY|/Application|nom_0_geraixp2u1|
ADD_AMBASSADEURCATEGORY|/Application|nom_0_sn48a5uu1t|
ADD_AMBASSADEURCATEGORY|/Application|nom_0_1nvbr0ktqw|
ADD_AMBASSADEURCATEGORY|/Application|nom_0_y2kfrlyb1o|
ADD_AMBASSADEURCATEGORY|/Application|nom_0_nngo8k2azv|
ADD_AMBASSADEURCATEGORY|/Application|nom_0_wqj05qmgye|
ADD_AMBASSADEURCATEGORY|/Application|nom_0_tvir1e95so|
ADD_AMBASSADEURCATEGORY|/Application|nom_0_fereo09is4|
ADD_AMBASSADEURCATEGORY|/Application|nom_0_547txnqon3|
ADD_AMBASSADEURCATEGORY|/Application|nom_0_8rqip9yfbs|
ADD_AMBASSADEURCATEGORY|/Application|nom_0_1d5x9qao6j|
ADD_AMBASSADEURCATEGORY|/Application|nom_0_gmcrq24d5s|
ADD_AMBASSADEURCATEGORY|/Application|nom_0_18uvpvfxlx|
ADD_AMBASSADEURCATEGORY|/Application|nom_0_skwda2f5no|
ADD_AMBASSADEURCATEGORY|/Application|nom_0_2idx4lzgxm|
ADD_AMBASSADEURCATEGORY|/Application|nom_0_w9id87o2an|
