ADD_CATEGORY|/Application|nom_0_q3djfs3lbj|description_1_8fuyobqbvm|internalKey_2_ovctabxtnf|groupKey_3_wic0sm97j3|false|1116582368|
ADD_CATEGORY|/Application|nom_0_ru8s6aagbo|description_1_jcmhzmcvi0|internalKey_2_d3u9nrgrt0|groupKey_3_3f0809vm3v|true|1575350151|
ADD_CATEGORY|/Application|nom_0_4hgop9cyk2|description_1_6i4fd8pmom|internalKey_2_an1slmt7oh|groupKey_3_woah74i293|false|511791831|
ADD_CATEGORY|/Application|nom_0_d0rjlei9mg|description_1_e1a7i8ou45|internalKey_2_qfvwkofuv4|groupKey_3_jbflatnahn|true|863012863|
ADD_CATEGORY|/Application|nom_0_60ol4qayl2|description_1_y874bh0jbu|internalKey_2_t727wcagxd|groupKey_3_dgn6zfo1ke|false|1512976585|
ADD_CATEGORY|/Application|nom_0_glb4aazx95|description_1_2g3jkf3krm|internalKey_2_p6sr3d2pth|groupKey_3_rg7dosnupi|true|558650260|
ADD_CATEGORY|/Application|nom_0_kq2555x1n0|description_1_g0l1m0hgkq|internalKey_2_ni7m7ej63a|groupKey_3_1f9kulc6jn|false|224585780|
ADD_CATEGORY|/Application|nom_0_bzv36vkqsx|description_1_dx4bkof9ve|internalKey_2_hirqhtnppm|groupKey_3_rgizgpghjf|true|1775119465|
ADD_CATEGORY|/Application|nom_0_uorevzc995|description_1_uey8gvb69j|internalKey_2_z8fe59v0lu|groupKey_3_7fkw4731y7|false|2095188315|
ADD_CATEGORY|/Application|nom_0_zxelpucxmn|description_1_r28n79xp8p|internalKey_2_ik6gaac50q|groupKey_3_8o6daobr72|false|1018924061|
ADD_CATEGORY|/Application|nom_0_4w2aifxjjc|description_1_m7adktxylw|internalKey_2_6258z6ujae|groupKey_3_q2cwvu87h7|false|639003867|
ADD_CATEGORY|/Application|nom_0_id4up1w6zy|description_1_omlwjnvhnh|internalKey_2_ce5cl8axk3|groupKey_3_lt0p40l39e|false|290407158|
ADD_CATEGORY|/Application|nom_0_fihe2v3tn7|description_1_3mufxa84pl|internalKey_2_y6sn3jii0r|groupKey_3_vb6njl9826|true|300546029|
ADD_CATEGORY|/Application|nom_0_9gy1t8a3s3|description_1_kz1fgu5gwa|internalKey_2_b9q9al28om|groupKey_3_h2ai6oornx|false|1639593897|
ADD_CATEGORY|/Application|nom_0_vnb1ajz385|description_1_ftyaogxz1d|internalKey_2_7xevvlsiz4|groupKey_3_412h6qsi1k|false|936520247|
ADD_CATEGORY|/Application|nom_0_f8w0v5xndm|description_1_omaez8ddsf|internalKey_2_30t11kb0r0|groupKey_3_boia91773i|true|1117002184|
ADD_CATEGORY|/Application|nom_0_ubmn0p67uz|description_1_kpdneb6woa|internalKey_2_7jqelurvt|groupKey_3_j2lv57xaxd|true|1908502351|
ADD_CATEGORY|/Application|nom_0_5gqfl25j49|description_1_bzcxp9s399|internalKey_2_w06qex5yyy|groupKey_3_uxcnm88om|true|868520136|
ADD_CATEGORY|/Application|nom_0_9i9dncdhtl|description_1_ntrz8g5odz|internalKey_2_oqs55afhkp|groupKey_3_2oxxeo0myz|true|1935789517|
ADD_CATEGORY|/Application|nom_0_zr4c33ny3z|description_1_nr785o9neq|internalKey_2_jtnntis2rz|groupKey_3_59xx9yk1u8|false|1143738798|
ADD_CATEGORY|/Application|nom_0_igvgf69v0p|description_1_gnqs0vznrj|internalKey_2_pfptd9cie5|groupKey_3_rb6pqz9r84|false|711798283|
ADD_CATEGORY|/Application|nom_0_fwld63l6x1|description_1_l4k9f3f0wv|internalKey_2_78pl5crguh|groupKey_3_ne94cb71l7|false|1448879446|
ADD_CATEGORY|/Application|nom_0_g7l22o1kbn|description_1_elvqjd2mgp|internalKey_2_u35dnx719i|groupKey_3_d0661x0dcl|true|79762044|
ADD_CATEGORY|/Application|nom_0_jadw2o8on7|description_1_wcvibt52e6|internalKey_2_fv6sjbcr59|groupKey_3_mq4e9wpwd3|true|228690272|
ADD_CATEGORY|/Application|nom_0_llimu3388f|description_1_icrbqj7gav|internalKey_2_taz3a60ov1|groupKey_3_7tnti0ql6b|false|1854880678|
ADD_CATEGORY|/Application|nom_0_ccr0m9agzl|description_1_grna29dt34|internalKey_2_2g6zpv5juw|groupKey_3_r497gpxnoh|true|1008678327|
ADD_CATEGORY|/Application|nom_0_3ndm3mea5i|description_1_d6fydk13y7|internalKey_2_asjmhd9m3o|groupKey_3_lngxokn4l8|false|627724733|
ADD_CATEGORY|/Application|nom_0_5f45owe4mu|description_1_gwc0wkelrw|internalKey_2_fhs3ma7rm6|groupKey_3_jnpi74elsu|true|1398796479|
ADD_CATEGORY|/Application|nom_0_l2li8h128e|description_1_rkfip7z73r|internalKey_2_b14v6pid1l|groupKey_3_uev5sciy0|false|730156509|
ADD_CATEGORY|/Application|nom_0_zlodtmtn6z|description_1_sa2p870mrl|internalKey_2_ngf8mytex0|groupKey_3_nos0vwbaf2|true|1630845979|
ADD_CATEGORY|/Application|nom_0_gp8xpp0s81|description_1_dsavh5bwkx|internalKey_2_5cabea0djg|groupKey_3_j5c67eo523|true|49151204|
ADD_CATEGORY|/Application|nom_0_efdj6sqxo4|description_1_5kciq6zb64|internalKey_2_2gn8ui796f|groupKey_3_fxvnz510h7|false|2106655768|
ADD_CATEGORY|/Application|nom_0_gbu4znba93|description_1_mdwewt8qs0|internalKey_2_nmq2pzzhpv|groupKey_3_oqdwg0e778|true|645305834|
ADD_CATEGORY|/Application|nom_0_w0amfyqepz|description_1_a3etq8a9fl|internalKey_2_8wf8qwcagz|groupKey_3_7i98u2dooq|false|939137977|
ADD_CATEGORY|/Application|nom_0_omudfvc9o2|description_1_xism4mlt58|internalKey_2_95yf1q52fo|groupKey_3_widie041vj|true|1393032799|
ADD_CATEGORY|/Application|nom_0_x0enb0o893|description_1_yaxoqnh4n4|internalKey_2_6aqxz71l4y|groupKey_3_v06ekxermg|false|850276191|
ADD_CATEGORY|/Application|nom_0_2x4disxg6b|description_1_846chtnlex|internalKey_2_d68hjqoecz|groupKey_3_9wqimdglnf|false|936768959|
ADD_CATEGORY|/Application|nom_0_ozntwuuhob|description_1_7dcd7830zn|internalKey_2_q7pji6ar04|groupKey_3_humv50b0gc|true|528447509|
ADD_CATEGORY|/Application|nom_0_j0lxlmuubc|description_1_r2qvttt7ov|internalKey_2_hx224mread|groupKey_3_79eo9bb55o|true|525044|
ADD_CATEGORY|/Application|nom_0_ebxdwz5rds|description_1_9aecnvhs8a|internalKey_2_cbu6xjrdzg|groupKey_3_pjujnoclj8|true|421730678|
ADD_CATEGORY|/Application|nom_0_7dc1t7bsec|description_1_zk4cclytlf|internalKey_2_fhuwe91bg0|groupKey_3_kir6ikysf2|false|1216191816|
ADD_CATEGORY|/Application|nom_0_wl886whscx|description_1_jzkhae6cpe|internalKey_2_r8bgkwd6a|groupKey_3_akfg0d27d9|true|1073722427|
ADD_CATEGORY|/Application|nom_0_c9mksizyv7|description_1_93i5z4fe8g|internalKey_2_er911nzq3m|groupKey_3_v10nafiuwn|false|2114038532|
ADD_CATEGORY|/Application|nom_0_jidau7bmib|description_1_8adc0fzse5|internalKey_2_kipwmv2flo|groupKey_3_5li3junplb|false|570316645|
ADD_CATEGORY|/Application|nom_0_fsdyt5gkoh|description_1_ltst2t5p1y|internalKey_2_pyoht6hn4c|groupKey_3_i554z7c991|false|321458090|
ADD_CATEGORY|/Application|nom_0_1ulnnohmhg|description_1_3z2ijbw09|internalKey_2_nu92l06glk|groupKey_3_sgqj20n1md|false|572594691|
ADD_CATEGORY|/Application|nom_0_37x3spmnob|description_1_88dl1weszf|internalKey_2_zoitm2z1e9|groupKey_3_6z5uzwvgq8|true|316253132|
ADD_CATEGORY|/Application|nom_0_ztj8iuuy86|description_1_5e498h365h|internalKey_2_bff7sfiufj|groupKey_3_k47h4gkjd2|false|290277281|
ADD_CATEGORY|/Application|nom_0_shlvp72429|description_1_rv0h60amuo|internalKey_2_pr4zlgzv52|groupKey_3_8arobo518q|false|1622315144|
ADD_CATEGORY|/Application|nom_0_dgc2lbut3q|description_1_opii7n72ao|internalKey_2_sh4zb17ec7|groupKey_3_1qwrd3bqi9|true|1114351949|
ADD_CATEGORY|/Application|nom_0_qinr7nyga1|description_1_1gt9vdsllw|internalKey_2_sr5u7m6ocr|groupKey_3_4c45xf7ikg|true|686074017|
ADD_CATEGORY|/Application|nom_0_d5tf7a2rh5|description_1_6r0thlfa8m|internalKey_2_lec65ncz6x|groupKey_3_4xee559odo|true|257955143|
ADD_CATEGORY|/Application|nom_0_64h9bizhhx|description_1_c6957t0udi|internalKey_2_5h9dcwlpqi|groupKey_3_hygmt3w8y9|true|2098788666|
ADD_CATEGORY|/Application|nom_0_ntkb044319|description_1_5rbcwtv8ku|internalKey_2_7y2vi2gkbj|groupKey_3_gvr50ia8f7|false|1124208452|
ADD_CATEGORY|/Application|nom_0_xc3khboi8f|description_1_u1q0rl2ij2|internalKey_2_bwispx7gvv|groupKey_3_ed5s06yqkk|false|627928113|
ADD_CATEGORY|/Application|nom_0_nusk6hnls8|description_1_yytmuhi3tp|internalKey_2_qslovdz2iz|groupKey_3_nm6smb4741|true|1490215775|
ADD_CATEGORY|/Application|nom_0_8nino4lknn|description_1_o2jtsjske|internalKey_2_cshfg2tp9a|groupKey_3_2prhfspjz|true|2129851925|
ADD_CATEGORY|/Application|nom_0_rsd073fg0o|description_1_orpho0nfbg|internalKey_2_46r6wnle4y|groupKey_3_ratutwczm|false|843728285|
ADD_CATEGORY|/Application|nom_0_tdtozvx0lq|description_1_ufb030r2s6|internalKey_2_v7dn4s8o7t|groupKey_3_g0nziynp9o|true|840329670|
ADD_CATEGORY|/Application|nom_0_lx7gw0vu8|description_1_mh46wjp1hn|internalKey_2_v5xyj1zgfd|groupKey_3_bzx44o1mkz|false|567877659|
ADD_CATEGORY|/Application|nom_0_b32gk4rnd0|description_1_jkam7u6njk|internalKey_2_ke4xdgie0k|groupKey_3_5sdx42qpnl|false|714386344|
ADD_CATEGORY|/Application|nom_0_2044czbzaq|description_1_m1o3huaczu|internalKey_2_pff8dyud9o|groupKey_3_j09mg6522e|true|634575318|
ADD_CATEGORY|/Application|nom_0_tsfe0ucrrj|description_1_nodf0hlem6|internalKey_2_p32aj3h654|groupKey_3_2dn4a063zf|false|1907138179|
ADD_CATEGORY|/Application|nom_0_dwo8jpsgon|description_1_fxrb4xbvlg|internalKey_2_z0oesc7yqz|groupKey_3_s53s7mcdky|true|1944584215|
ADD_CATEGORY|/Application|nom_0_8lgt9y4ext|description_1_b16ujqiysw|internalKey_2_8q3iz1hxgk|groupKey_3_ewo79dwvty|false|1036829690|
ADD_CATEGORY|/Application|nom_0_57y8yjtwg0|description_1_b6r6vyfgnr|internalKey_2_k5t36zh64h|groupKey_3_8l8q0uxrvt|false|627170425|
ADD_CATEGORY|/Application|nom_0_2lzcmt6q4y|description_1_l6nqfe639n|internalKey_2_cdetpsnwmg|groupKey_3_hxb1ywhqm|true|916466342|
ADD_CATEGORY|/Application|nom_0_1byfy8sn4e|description_1_qxma3l7x87|internalKey_2_tez404ij4o|groupKey_3_f1kjmmukcx|false|863838616|
ADD_CATEGORY|/Application|nom_0_9ydiesfx5f|description_1_xp8sv1bop1|internalKey_2_n303cxnal7|groupKey_3_yq0it04v30|true|1220404175|
ADD_CATEGORY|/Application|nom_0_ca5qsn02te|description_1_llpcyowj6z|internalKey_2_kckla6znsj|groupKey_3_a654la9mw1|false|314210392|
ADD_CATEGORY|/Application|nom_0_wi8kyggqkk|description_1_zk3f8mmq2y|internalKey_2_xxkjch9gac|groupKey_3_oef0nrmjf0|false|49797831|
ADD_CATEGORY|/Application|nom_0_snt4dmkq4s|description_1_mdrwacw4g0|internalKey_2_3joiuv23yw|groupKey_3_x06rcy6sex|true|375281615|
ADD_CATEGORY|/Application|nom_0_nfitd3ba1e|description_1_o167fsxka6|internalKey_2_t4vhwqr70t|groupKey_3_2uixw8119m|true|1677297634|
ADD_CATEGORY|/Application|nom_0_59lfiq95sd|description_1_z3jtajqt1h|internalKey_2_zvszwdy9t|groupKey_3_6eg76sbwbv|false|1598435792|
ADD_CATEGORY|/Application|nom_0_558igsicin|description_1_liz40r1g30|internalKey_2_hcwqnj3jbb|groupKey_3_ri0r9ako10|false|1597282581|
ADD_CATEGORY|/Application|nom_0_x43j0r9mwz|description_1_hg5ni2m128|internalKey_2_m7q7disne6|groupKey_3_15klr3b7k3|true|558865941|
ADD_CATEGORY|/Application|nom_0_ut7imqufgf|description_1_62n6ftiw3a|internalKey_2_ytixd3wm1j|groupKey_3_mdqk2r2893|true|329337386|
ADD_CATEGORY|/Application|nom_0_goz0q3tk3c|description_1_n165ht40fd|internalKey_2_t6hlqiom0x|groupKey_3_40sf0xnnxl|false|2037304840|
ADD_CATEGORY|/Application|nom_0_ok7jyqwtjc|description_1_goe89nux4o|internalKey_2_k3scndtwj5|groupKey_3_m21zyjq8in|true|1866057373|
ADD_CATEGORY|/Application|nom_0_f8bdjh8nc1|description_1_52fgc1xvtp|internalKey_2_e59nndof1m|groupKey_3_e7lt789yhy|true|1188836142|
ADD_CATEGORY|/Application|nom_0_d5gjjj0bpb|description_1_olenhbq2d2|internalKey_2_yikiv13d2a|groupKey_3_5r4nn3cwep|true|2062782231|
ADD_CATEGORY|/Application|nom_0_b0jzzzj4uy|description_1_1jjsjo9pvn|internalKey_2_uc74x373mo|groupKey_3_2y1ztvrp3g|false|1746264625|
ADD_CATEGORY|/Application|nom_0_cci846toaa|description_1_6b16xk8usv|internalKey_2_dk8z8ng3te|groupKey_3_tt09hvywm|false|435125380|
ADD_CATEGORY|/Application|nom_0_u594mc1v2h|description_1_1fijz1p7yh|internalKey_2_bl7f2amvox|groupKey_3_hi7frmt82s|true|2003819656|
ADD_CATEGORY|/Application|nom_0_zio9prfeeg|description_1_ntkf10vbf5|internalKey_2_zqbzedwwvs|groupKey_3_i5xcpjw5jv|true|726178515|
ADD_CATEGORY|/Application|nom_0_ln8p0wijds|description_1_31c2wrz1uo|internalKey_2_ukb4no7xro|groupKey_3_zw6f3gdf0|false|188156613|
ADD_CATEGORY|/Application|nom_0_bfketyztor|description_1_m53zknlghz|internalKey_2_h0eouz15xq|groupKey_3_9gxkff214x|false|435402057|
ADD_CATEGORY|/Application|nom_0_ol76ga3j5w|description_1_8o6g6x658c|internalKey_2_h8h4quyvvn|groupKey_3_y0jkjkk35f|true|1570591098|
ADD_CATEGORY|/Application|nom_0_5byjkfi5fr|description_1_vx56c9yd7v|internalKey_2_vx30hcaxor|groupKey_3_48vsc3rnoc|false|1428491906|
ADD_CATEGORY|/Application|nom_0_inm1kcw1wn|description_1_abqadx3m3s|internalKey_2_ft7dk3l11m|groupKey_3_pbfm5u36mg|false|1835125449|
ADD_CATEGORY|/Application|nom_0_3vlbwdcpfw|description_1_6qxfqa2qz1|internalKey_2_u2pq9t1465|groupKey_3_4gchp7pyl1|true|1666145798|
ADD_CATEGORY|/Application|nom_0_x6psvgfmx7|description_1_sq8ezuo3fh|internalKey_2_wztgrh6ic3|groupKey_3_ebua5nl4vn|false|537841287|
ADD_CATEGORY|/Application|nom_0_5ard9h8rn0|description_1_aum7ty2jjd|internalKey_2_ujhb4jqo7p|groupKey_3_jpsil0alh5|false|1906756996|
ADD_CATEGORY|/Application|nom_0_ff8g11pock|description_1_6mimejjpth|internalKey_2_tft10y1jtk|groupKey_3_4ys96chror|true|2052592396|
ADD_CATEGORY|/Application|nom_0_2vgiiv8e68|description_1_bue0wzd3nu|internalKey_2_km6t6l4r9q|groupKey_3_poc05bn3x|true|1942245294|
ADD_CATEGORY|/Application|nom_0_tgwvyh4z5l|description_1_ihvybzw854|internalKey_2_s621kfdjc5|groupKey_3_21yy339bga|true|1430114458|
ADD_CATEGORY|/Application|nom_0_tb9b6roo4g|description_1_pp662yhcre|internalKey_2_wcc7nfm3el|groupKey_3_cft8fanpny|true|506546864|
ADD_CATEGORY|/Application|nom_0_xtxqx0d85i|description_1_xdcaokioci|internalKey_2_cqem24rlnb|groupKey_3_nc4egj9955|true|1270772072|
ADD_CATEGORY|/Application|nom_0_xowa5mfjhu|description_1_nmubg1otd1|internalKey_2_rg3c0mw3m2|groupKey_3_70q1n25px9|false|1625894990|
ADD_CATEGORY|/Application|nom_0_tp8p3cd605|description_1_anwl8tqy42|internalKey_2_fy80hbum3h|groupKey_3_4cfrt932j7|false|1538193482|
