ADD_CATEGORYAMBASSADEUR|/Application|L’entreprise|L’entreprise|
ADD_CATEGORYAMBASSADEUR|/Application|Gestion de planning|Gestion de planning|
ADD_CATEGORYAMBASSADEUR|/Application|Allaitement|Allaitement|
ADD_CATEGORYAMBASSADEUR|/Application|Modes de garde|Modes de garde|
ADD_CATEGORYAMBASSADEUR|/Application|La chambre du bébé|La chambre du bébé|
ADD_CATEGORYAMBASSADEUR|/Application|Achats bébé|Achats bébé|
ADD_CATEGORYAMBASSADEUR|/Application|Les gestes du quotidien|Les gestes du quotidien|
ADD_CATEGORYAMBASSADEUR|/Application|Les pleurs|Les pleurs|
ADD_CATEGORYAMBASSADEUR|/Application|Accueillir un frère, une sœur|Accueillir un frère, une sœur|
ADD_CATEGORYAMBASSADEUR|/Application|Communication et langues des signes|Communication et langues des signes|
ADD_CATEGORYAMBASSADEUR|/Application|Post Partum|Post Partum|
