ADD_CREDIT|/Application|22262751|1561784001|
ADD_CREDIT|/Application|443936525|1076008370|
ADD_CREDIT|/Application|1899094468|1504016048|
ADD_CREDIT|/Application|1135709643|1883057669|
ADD_CREDIT|/Application|2000320265|142295788|
ADD_CREDIT|/Application|356803240|608165186|
ADD_CREDIT|/Application|322134372|1952256341|
ADD_CREDIT|/Application|1286260088|1322064091|
ADD_CREDIT|/Application|872261891|48189876|
ADD_CREDIT|/Application|739482259|1766213045|
ADD_CREDIT|/Application|2074029037|1698495087|
ADD_CREDIT|/Application|1886388745|771243112|
ADD_CREDIT|/Application|592014727|1434758889|
ADD_CREDIT|/Application|1427736562|484411443|
ADD_CREDIT|/Application|1059494963|1431023988|
ADD_CREDIT|/Application|1776404450|910256767|
ADD_CREDIT|/Application|434507539|206813939|
ADD_CREDIT|/Application|760976764|1759333646|
ADD_CREDIT|/Application|924032491|1091072529|
ADD_CREDIT|/Application|1222433822|1640688832|
ADD_CREDIT|/Application|223958308|1544215576|
ADD_CREDIT|/Application|1866041274|215230210|
ADD_CREDIT|/Application|620832749|516735343|
ADD_CREDIT|/Application|631957700|31323091|
ADD_CREDIT|/Application|730096252|1763942323|
ADD_CREDIT|/Application|618407239|1566750324|
ADD_CREDIT|/Application|1288748659|307913584|
ADD_CREDIT|/Application|902523155|1740156588|
ADD_CREDIT|/Application|1380391773|1229112188|
ADD_CREDIT|/Application|1949869841|864154805|
ADD_CREDIT|/Application|1551236439|1874507760|
ADD_CREDIT|/Application|701881783|1137707463|
ADD_CREDIT|/Application|2136085451|1588078276|
ADD_CREDIT|/Application|125431958|1155245886|
ADD_CREDIT|/Application|1934699096|255098886|
ADD_CREDIT|/Application|324421904|659691114|
ADD_CREDIT|/Application|1282409934|1186177975|
ADD_CREDIT|/Application|1036029992|549714675|
ADD_CREDIT|/Application|955371349|129829698|
ADD_CREDIT|/Application|749007730|1616255463|
ADD_CREDIT|/Application|1823461293|1110691993|
ADD_CREDIT|/Application|2102036265|68372322|
ADD_CREDIT|/Application|893017231|1290390766|
ADD_CREDIT|/Application|1004173151|700925145|
ADD_CREDIT|/Application|1660418611|1070835980|
ADD_CREDIT|/Application|825481807|1622997507|
ADD_CREDIT|/Application|33411819|1762089295|
ADD_CREDIT|/Application|1830884814|1555501668|
ADD_CREDIT|/Application|1387054829|110894918|
ADD_CREDIT|/Application|841017824|1419815287|
ADD_CREDIT|/Application|2018539054|463129315|
ADD_CREDIT|/Application|1740919399|2036617079|
ADD_CREDIT|/Application|1462879849|1746834781|
ADD_CREDIT|/Application|306418167|1571967178|
ADD_CREDIT|/Application|702842686|137531299|
ADD_CREDIT|/Application|209704900|2061748746|
ADD_CREDIT|/Application|1060107896|1602043516|
ADD_CREDIT|/Application|38539965|1614197426|
ADD_CREDIT|/Application|1223427687|1493933631|
ADD_CREDIT|/Application|984523698|2029496418|
ADD_CREDIT|/Application|1554606188|338061356|
ADD_CREDIT|/Application|1173799087|242279631|
ADD_CREDIT|/Application|387480979|1152389990|
ADD_CREDIT|/Application|756775789|541222986|
ADD_CREDIT|/Application|1392734042|1555540878|
ADD_CREDIT|/Application|1946647774|1874723563|
ADD_CREDIT|/Application|242340496|1163147005|
ADD_CREDIT|/Application|1985193959|27428442|
ADD_CREDIT|/Application|1750095449|404620957|
ADD_CREDIT|/Application|111408426|666634809|
ADD_CREDIT|/Application|886907214|72804709|
ADD_CREDIT|/Application|1602025984|639880497|
ADD_CREDIT|/Application|1598136001|11001199|
ADD_CREDIT|/Application|236825734|884530328|
ADD_CREDIT|/Application|1833737758|65697975|
ADD_CREDIT|/Application|1808799439|898845884|
ADD_CREDIT|/Application|1129039468|2120082290|
ADD_CREDIT|/Application|693947191|658926543|
ADD_CREDIT|/Application|531726323|1821040137|
ADD_CREDIT|/Application|100142039|1382218095|
ADD_CREDIT|/Application|1487181304|1939336368|
ADD_CREDIT|/Application|1010611988|1399917776|
ADD_CREDIT|/Application|988344996|327574183|
ADD_CREDIT|/Application|1673014098|371848072|
ADD_CREDIT|/Application|233109251|140683021|
ADD_CREDIT|/Application|894137286|783610614|
ADD_CREDIT|/Application|1643974952|1400745308|
ADD_CREDIT|/Application|2002333802|1454274128|
ADD_CREDIT|/Application|1563906669|384514949|
ADD_CREDIT|/Application|293391113|1953485640|
ADD_CREDIT|/Application|137553879|660617129|
ADD_CREDIT|/Application|1434364794|201748315|
ADD_CREDIT|/Application|2132506265|214292337|
ADD_CREDIT|/Application|763509993|1160490934|
ADD_CREDIT|/Application|1434353327|604646154|
ADD_CREDIT|/Application|1227208272|1425784261|
ADD_CREDIT|/Application|686359979|1518607808|
ADD_CREDIT|/Application|1503180806|1136642649|
ADD_CREDIT|/Application|1729489805|1816700470|
ADD_CREDIT|/Application|1722675310|796989812|
