ADD_DEMANDEAMBASSADEUR|/Application|titre_0_mg763zyijd|theme_1_89vsgqmxli|description_2_eib4rr8uh2|01/01/2021|
ADD_DEMANDEAMBASSADEUR|/Application|titre_0_2r3fvaogy7|theme_1_z9czokg3ta|description_2_sqm9cix5sd|01/01/2021|
ADD_DEMANDEAMBASSADEUR|/Application|titre_0_8u60s30bo8|theme_1_8klok4y3va|description_2_3y6zrb9ldc|01/01/2021|
ADD_DEMANDEAMBASSADEUR|/Application|titre_0_x41bq5kpnt|theme_1_pwti5lnjoh|description_2_m72orsz2h7|01/01/2021|
ADD_DEMANDEAMBASSADEUR|/Application|titre_0_3c1o781ind|theme_1_4j4zelnnnr|description_2_hf9kqxthv4|01/01/2021|
ADD_DEMANDEAMBASSADEUR|/Application|titre_0_wlubk94i4g|theme_1_i9by13rhoc|description_2_2p0v41bsz6|01/01/2021|
ADD_DEMANDEAMBASSADEUR|/Application|titre_0_efys0fihgs|theme_1_e2pg7gf3va|description_2_9a6r1pqxa3|01/01/2021|
ADD_DEMANDEAMBASSADEUR|/Application|titre_0_i5q4wvbzqz|theme_1_98lzwj3bft|description_2_5qsstlguyp|01/01/2021|
ADD_DEMANDEAMBASSADEUR|/Application|titre_0_p4hm0tkutz|theme_1_th4lewfioh|description_2_clar8k2bit|01/01/2021|
ADD_DEMANDEAMBASSADEUR|/Application|titre_0_1flbofw78r|theme_1_20g8r0o98t|description_2_955nheiq0t|01/01/2021|
ADD_DEMANDEAMBASSADEUR|/Application|titre_0_lxre4bh485|theme_1_ph9brmkt29|description_2_jci5hps8tc|01/01/2021|
ADD_DEMANDEAMBASSADEUR|/Application|titre_0_ie40ls2bxk|theme_1_8xtepfeizl|description_2_71s1qawlp7|01/01/2021|
ADD_DEMANDEAMBASSADEUR|/Application|titre_0_22rhjhyv14|theme_1_7byn9f7wiv|description_2_pl4iuh4u0z|01/01/2021|
ADD_DEMANDEAMBASSADEUR|/Application|titre_0_p60wtty0ow|theme_1_jsuknno1db|description_2_via2iwdkg6|01/01/2021|
ADD_DEMANDEAMBASSADEUR|/Application|titre_0_n6kv67btcw|theme_1_vv9gpg0n9x|description_2_i19hzxppee|01/01/2021|
ADD_DEMANDEAMBASSADEUR|/Application|titre_0_zzxqfuuzmx|theme_1_cauv3xj9w4|description_2_5ayaqmoayl|01/01/2021|
ADD_DEMANDEAMBASSADEUR|/Application|titre_0_2ysw5yn5d|theme_1_mx37l4o6up|description_2_22m016gjhg|01/01/2021|
ADD_DEMANDEAMBASSADEUR|/Application|titre_0_1bgk3bcedc|theme_1_izbk9mwa89|description_2_amcq0hee9n|01/01/2021|
ADD_DEMANDEAMBASSADEUR|/Application|titre_0_ik8p63hy5c|theme_1_bggsr3vf54|description_2_8tv0t5vqq0|01/01/2021|
ADD_DEMANDEAMBASSADEUR|/Application|titre_0_jmg7bkh2g1|theme_1_lytsj8mruw|description_2_k5v2aej7dw|01/01/2021|
ADD_DEMANDEAMBASSADEUR|/Application|titre_0_dteg3ibper|theme_1_2vp5groxkb|description_2_t6mv3ssjwu|01/01/2021|
ADD_DEMANDEAMBASSADEUR|/Application|titre_0_sozjzqeoxm|theme_1_gqfejamc0e|description_2_vj9474opm9|01/01/2021|
ADD_DEMANDEAMBASSADEUR|/Application|titre_0_4ovv0x7gak|theme_1_t6namk8qo0|description_2_a42uo3g3um|01/01/2021|
ADD_DEMANDEAMBASSADEUR|/Application|titre_0_exmmg7o4q6|theme_1_8t3t97p953|description_2_mhxf18v1h5|01/01/2021|
ADD_DEMANDEAMBASSADEUR|/Application|titre_0_5tooi5z7xr|theme_1_xp5u9hmlwc|description_2_crg1vjq3q8|01/01/2021|
ADD_DEMANDEAMBASSADEUR|/Application|titre_0_gyc25hklux|theme_1_o2co3y3ou7|description_2_7fco1atc4h|01/01/2021|
ADD_DEMANDEAMBASSADEUR|/Application|titre_0_k36cb0knlp|theme_1_r4gyfa6xbu|description_2_v56qet1l6l|01/01/2021|
ADD_DEMANDEAMBASSADEUR|/Application|titre_0_ved0mnkh2j|theme_1_h3dq0dtfoy|description_2_j7jcd93stv|01/01/2021|
ADD_DEMANDEAMBASSADEUR|/Application|titre_0_qwtbt89luh|theme_1_x7375va027|description_2_g148tfutxy|01/01/2021|
ADD_DEMANDEAMBASSADEUR|/Application|titre_0_5wpjnkvzz1|theme_1_g7knz21qfc|description_2_hmy1xz1lax|01/01/2021|
ADD_DEMANDEAMBASSADEUR|/Application|titre_0_4d9zla08lu|theme_1_q8j3l4rqq3|description_2_kgggqzrjwm|01/01/2021|
ADD_DEMANDEAMBASSADEUR|/Application|titre_0_iym2dpr56m|theme_1_owugtwqj6c|description_2_ugkkc7y4gn|01/01/2021|
ADD_DEMANDEAMBASSADEUR|/Application|titre_0_5srga9s1ar|theme_1_pxnc08adie|description_2_9ig7rkiuu9|01/01/2021|
ADD_DEMANDEAMBASSADEUR|/Application|titre_0_xn56f3s3vx|theme_1_irpdlmszy2|description_2_sehloyrfw6|01/01/2021|
ADD_DEMANDEAMBASSADEUR|/Application|titre_0_y8uc7kvr5a|theme_1_t2h5bov6or|description_2_2pjfg2fwfw|01/01/2021|
ADD_DEMANDEAMBASSADEUR|/Application|titre_0_ssp8yon68f|theme_1_gcjxw6jvnm|description_2_8ndhcwcmg6|01/01/2021|
ADD_DEMANDEAMBASSADEUR|/Application|titre_0_8tiwk1aza7|theme_1_doki0dui5z|description_2_ce21wxwokp|01/01/2021|
ADD_DEMANDEAMBASSADEUR|/Application|titre_0_b6j29ppj2q|theme_1_z782omskeu|description_2_10yxq3dc8z|01/01/2021|
ADD_DEMANDEAMBASSADEUR|/Application|titre_0_yefasqtgd2|theme_1_k4327tljfs|description_2_go7b95nnq6|01/01/2021|
ADD_DEMANDEAMBASSADEUR|/Application|titre_0_svryzsjlqz|theme_1_xofdqkcnkr|description_2_l88oqrhcab|01/01/2021|
ADD_DEMANDEAMBASSADEUR|/Application|titre_0_8atmonfhiv|theme_1_s12hgnv5kt|description_2_kpu3qrtoyd|01/01/2021|
ADD_DEMANDEAMBASSADEUR|/Application|titre_0_rhhdf037av|theme_1_srr2ewcg3n|description_2_rssyro9kq2|01/01/2021|
ADD_DEMANDEAMBASSADEUR|/Application|titre_0_1ru3e9n8jg|theme_1_xb1oicyn3b|description_2_ahmohx3pvw|01/01/2021|
ADD_DEMANDEAMBASSADEUR|/Application|titre_0_pbxuckzg4m|theme_1_zr5ibnjhjg|description_2_ez6mtqxwkq|01/01/2021|
ADD_DEMANDEAMBASSADEUR|/Application|titre_0_i88jcp7j62|theme_1_ivakqchsky|description_2_tt4h3lva6m|01/01/2021|
ADD_DEMANDEAMBASSADEUR|/Application|titre_0_gusnn23sa6|theme_1_3isdd1lwcs|description_2_7ppzpnalna|01/01/2021|
ADD_DEMANDEAMBASSADEUR|/Application|titre_0_jcgkbn4ung|theme_1_r6mpsoidw1|description_2_t1iy8027fd|01/01/2021|
ADD_DEMANDEAMBASSADEUR|/Application|titre_0_trxzl8smct|theme_1_32u1zu9sbd|description_2_xovs5guqp7|01/01/2021|
ADD_DEMANDEAMBASSADEUR|/Application|titre_0_r37eh1qq2q|theme_1_3dg74rcn0a|description_2_7i2zz11fwg|01/01/2021|
ADD_DEMANDEAMBASSADEUR|/Application|titre_0_davrpdsytc|theme_1_pmowkpb6pb|description_2_vb13llrozs|01/01/2021|
ADD_DEMANDEAMBASSADEUR|/Application|titre_0_dxlpwmy4eh|theme_1_30etdoj35t|description_2_qkdvajqu3i|01/01/2021|
ADD_DEMANDEAMBASSADEUR|/Application|titre_0_iqp0bal7fz|theme_1_kaqfs8cn0v|description_2_uoawliw8b|01/01/2021|
ADD_DEMANDEAMBASSADEUR|/Application|titre_0_l6o94ixavn|theme_1_uzyp1552k4|description_2_fg3uptynb6|01/01/2021|
ADD_DEMANDEAMBASSADEUR|/Application|titre_0_avwshqiv8u|theme_1_u3krxct58p|description_2_awujl7n7xx|01/01/2021|
ADD_DEMANDEAMBASSADEUR|/Application|titre_0_4j6h07e6f4|theme_1_1drthmfjak|description_2_re7lef1mc2|01/01/2021|
ADD_DEMANDEAMBASSADEUR|/Application|titre_0_x7kg7d88xd|theme_1_u122hv7ic5|description_2_g20qj6klny|01/01/2021|
ADD_DEMANDEAMBASSADEUR|/Application|titre_0_tjiygb8p0x|theme_1_ake4aags87|description_2_byzu8m1box|01/01/2021|
ADD_DEMANDEAMBASSADEUR|/Application|titre_0_9la53wevqg|theme_1_9nmm2c1yex|description_2_m5bsrdqinu|01/01/2021|
ADD_DEMANDEAMBASSADEUR|/Application|titre_0_rohv43knk5|theme_1_syhj5o1fob|description_2_reb3x1odhq|01/01/2021|
ADD_DEMANDEAMBASSADEUR|/Application|titre_0_sejalve9c5|theme_1_jfgeqaogt7|description_2_q3mt45ir9t|01/01/2021|
ADD_DEMANDEAMBASSADEUR|/Application|titre_0_vi739donmb|theme_1_dn5mq0gb1v|description_2_6d6w670qhx|01/01/2021|
ADD_DEMANDEAMBASSADEUR|/Application|titre_0_82857zjsob|theme_1_xnnq8r688k|description_2_a36s6kb3c3|01/01/2021|
ADD_DEMANDEAMBASSADEUR|/Application|titre_0_o2xvgoz4yy|theme_1_ruy1qw85dq|description_2_u7zloi9vsj|01/01/2021|
ADD_DEMANDEAMBASSADEUR|/Application|titre_0_si601p026p|theme_1_svn1ofkimb|description_2_cqryanihe9|01/01/2021|
ADD_DEMANDEAMBASSADEUR|/Application|titre_0_ejexvqjf89|theme_1_fjlmu8l0uk|description_2_82suopvbh8|01/01/2021|
ADD_DEMANDEAMBASSADEUR|/Application|titre_0_9jmy5yr5hs|theme_1_nbrjhe5d4n|description_2_c69hipk94|01/01/2021|
ADD_DEMANDEAMBASSADEUR|/Application|titre_0_xt7je4lqo4|theme_1_txxlvk7v0t|description_2_p7fadiqa95|01/01/2021|
ADD_DEMANDEAMBASSADEUR|/Application|titre_0_3fp4716v23|theme_1_2o77mmal76|description_2_67r42m5as5|01/01/2021|
ADD_DEMANDEAMBASSADEUR|/Application|titre_0_2i2k76kbw2|theme_1_9rjthlwsmx|description_2_pvvqkiqoog|01/01/2021|
ADD_DEMANDEAMBASSADEUR|/Application|titre_0_n3vak6rlzr|theme_1_l4smvb2djo|description_2_o7dtdew8y3|01/01/2021|
ADD_DEMANDEAMBASSADEUR|/Application|titre_0_m89rszbtcw|theme_1_2uuu3hxsia|description_2_qhwp227t4f|01/01/2021|
ADD_DEMANDEAMBASSADEUR|/Application|titre_0_3g62h9plpg|theme_1_yhadfsusm6|description_2_3z639928lr|01/01/2021|
ADD_DEMANDEAMBASSADEUR|/Application|titre_0_r8otsefvmk|theme_1_q8drtvhu9p|description_2_iufgfxqnhm|01/01/2021|
ADD_DEMANDEAMBASSADEUR|/Application|titre_0_5kjwpesjvz|theme_1_v0ebibdvj5|description_2_z52tczhqd1|01/01/2021|
ADD_DEMANDEAMBASSADEUR|/Application|titre_0_rjip7pnk65|theme_1_x7hien8izl|description_2_ykh771kaee|01/01/2021|
ADD_DEMANDEAMBASSADEUR|/Application|titre_0_8gaep2s6u0|theme_1_sfdqbn6gj6|description_2_re2jf53rap|01/01/2021|
ADD_DEMANDEAMBASSADEUR|/Application|titre_0_mpap84kl8y|theme_1_2fy0jucal9|description_2_5xiklwww10|01/01/2021|
ADD_DEMANDEAMBASSADEUR|/Application|titre_0_78yoo8rk3t|theme_1_wnqvsh93wx|description_2_9guknhvbbi|01/01/2021|
ADD_DEMANDEAMBASSADEUR|/Application|titre_0_pzr2fjn7jz|theme_1_kw4e0yxf0n|description_2_editizmm45|01/01/2021|
ADD_DEMANDEAMBASSADEUR|/Application|titre_0_mdfy0o7f8h|theme_1_le5qke8p82|description_2_74hoa5njj6|01/01/2021|
ADD_DEMANDEAMBASSADEUR|/Application|titre_0_wu2i6tkjpw|theme_1_zix5pbiz7r|description_2_yy9l5rq5zo|01/01/2021|
ADD_DEMANDEAMBASSADEUR|/Application|titre_0_5o7javoq92|theme_1_ywtvymxele|description_2_tfzn3efuy8|01/01/2021|
ADD_DEMANDEAMBASSADEUR|/Application|titre_0_kqby8y43d2|theme_1_flc78e3i0o|description_2_819cfkcvp1|01/01/2021|
ADD_DEMANDEAMBASSADEUR|/Application|titre_0_qs050w7wh2|theme_1_a11zrwgd8m|description_2_j48ztjgiy7|01/01/2021|
ADD_DEMANDEAMBASSADEUR|/Application|titre_0_bgz6oa5uxe|theme_1_894zgdm70r|description_2_9yhxs5il94|01/01/2021|
ADD_DEMANDEAMBASSADEUR|/Application|titre_0_1js9jws0h0|theme_1_91yp61fgpc|description_2_mxyftzkd8o|01/01/2021|
ADD_DEMANDEAMBASSADEUR|/Application|titre_0_2dnsbdnch5|theme_1_6wmm1h0lt|description_2_87chshwvgf|01/01/2021|
ADD_DEMANDEAMBASSADEUR|/Application|titre_0_j4sr8w3rkn|theme_1_jrx9gg6ofy|description_2_hplrlfl76k|01/01/2021|
ADD_DEMANDEAMBASSADEUR|/Application|titre_0_m438x0j22k|theme_1_h9h4raxwm6|description_2_3urqkg4qt|01/01/2021|
ADD_DEMANDEAMBASSADEUR|/Application|titre_0_sn1rjn351s|theme_1_fhwxb3xq1w|description_2_75leim030r|01/01/2021|
ADD_DEMANDEAMBASSADEUR|/Application|titre_0_7mnxpz3f8p|theme_1_q79aywdclo|description_2_upam4vqfor|01/01/2021|
ADD_DEMANDEAMBASSADEUR|/Application|titre_0_5q3qxrclvz|theme_1_ltyrpbkbwe|description_2_ol2cfid8qf|01/01/2021|
ADD_DEMANDEAMBASSADEUR|/Application|titre_0_kctlth7rtk|theme_1_1ea84u3tep|description_2_3z90jsdz1d|01/01/2021|
ADD_DEMANDEAMBASSADEUR|/Application|titre_0_402g7q5tpq|theme_1_i56uz82230|description_2_85p67tipya|01/01/2021|
ADD_DEMANDEAMBASSADEUR|/Application|titre_0_lt3810obo2|theme_1_o1te09zs6g|description_2_g9tzczw7eg|01/01/2021|
ADD_DEMANDEAMBASSADEUR|/Application|titre_0_andlayke04|theme_1_3xkthajswb|description_2_ckewhdmoiw|01/01/2021|
ADD_DEMANDEAMBASSADEUR|/Application|titre_0_50lsq50ua8|theme_1_9nueegh0yx|description_2_7ztf50fm0d|01/01/2021|
ADD_DEMANDEAMBASSADEUR|/Application|titre_0_ivdcuzxm6x|theme_1_58jcrs9dre|description_2_4non3djhuv|01/01/2021|
ADD_DEMANDEAMBASSADEUR|/Application|titre_0_lme7z34nka|theme_1_6lon0b23px|description_2_t20nwbyw1t|01/01/2021|
ADD_DEMANDEAMBASSADEUR|/Application|titre_0_ueo433hchg|theme_1_xr24h6vrge|description_2_40isjpy209|01/01/2021|
