ADD_DEMANDEAGENT|/Application|titre_0_fv80dhkynz|description_1_vsilll7dp8|01/01/2021|
ADD_DEMANDEAGENT|/Application|titre_0_p1zkykfyoz|description_1_7mcpu0gth8|01/01/2021|
ADD_DEMANDEAGENT|/Application|titre_0_97cnlxdtei|description_1_u3t2tbpvi6|01/01/2021|
ADD_DEMANDEAGENT|/Application|titre_0_f0qtvud4vc|description_1_6gi2c88hq0|01/01/2021|
ADD_DEMANDEAGENT|/Application|titre_0_gr9bt01cj2|description_1_6gq8xk4iej|01/01/2021|
ADD_DEMANDEAGENT|/Application|titre_0_noh18n2mkz|description_1_hh2bmv528v|01/01/2021|
ADD_DEMANDEAGENT|/Application|titre_0_tretxmegns|description_1_6clqomvhfj|01/01/2021|
ADD_DEMANDEAGENT|/Application|titre_0_vpoc9wxmsl|description_1_dtud23lv29|01/01/2021|
ADD_DEMANDEAGENT|/Application|titre_0_o3p7tceqom|description_1_pyuex24nyz|01/01/2021|
ADD_DEMANDEAGENT|/Application|titre_0_e2v2u5gukr|description_1_lvm59yo6zm|01/01/2021|
ADD_DEMANDEAGENT|/Application|titre_0_zypppc2q2c|description_1_15c399ijw0|01/01/2021|
ADD_DEMANDEAGENT|/Application|titre_0_6gmnb2l4i6|description_1_z1meez17zp|01/01/2021|
ADD_DEMANDEAGENT|/Application|titre_0_m0bpzvd1gq|description_1_7v67cau5v4|01/01/2021|
ADD_DEMANDEAGENT|/Application|titre_0_3t9bn1tzfw|description_1_d21dh1w118|01/01/2021|
ADD_DEMANDEAGENT|/Application|titre_0_rt9at7mrpu|description_1_hedl1m2tfu|01/01/2021|
ADD_DEMANDEAGENT|/Application|titre_0_8seqr0oj9f|description_1_83fy0bmuth|01/01/2021|
ADD_DEMANDEAGENT|/Application|titre_0_r9v02vzymi|description_1_12olxc09s2|01/01/2021|
ADD_DEMANDEAGENT|/Application|titre_0_hcchpc84fu|description_1_vnaabgizzi|01/01/2021|
ADD_DEMANDEAGENT|/Application|titre_0_dwtkm89hs|description_1_rnvdp64agd|01/01/2021|
ADD_DEMANDEAGENT|/Application|titre_0_uf8rsi9mkc|description_1_48lykk8jsg|01/01/2021|
ADD_DEMANDEAGENT|/Application|titre_0_33w4hfzphq|description_1_7dr64e8zeu|01/01/2021|
ADD_DEMANDEAGENT|/Application|titre_0_y91maxfj0u|description_1_wxdzapi6lu|01/01/2021|
ADD_DEMANDEAGENT|/Application|titre_0_nj09qs1clw|description_1_6xi618dgsz|01/01/2021|
ADD_DEMANDEAGENT|/Application|titre_0_vnsntqvf5f|description_1_wagge3xeyq|01/01/2021|
ADD_DEMANDEAGENT|/Application|titre_0_ph1ls83lqc|description_1_ir9aqajvit|01/01/2021|
ADD_DEMANDEAGENT|/Application|titre_0_291lr2xr2b|description_1_idslwaulzn|01/01/2021|
ADD_DEMANDEAGENT|/Application|titre_0_83m0rzswkg|description_1_jb9vqk0hex|01/01/2021|
ADD_DEMANDEAGENT|/Application|titre_0_qmj65s5zbd|description_1_w3edn60uc8|01/01/2021|
ADD_DEMANDEAGENT|/Application|titre_0_vd7vpg1ufe|description_1_6mwdxlwuge|01/01/2021|
ADD_DEMANDEAGENT|/Application|titre_0_fyr7sxzlgh|description_1_yrx4usln9u|01/01/2021|
ADD_DEMANDEAGENT|/Application|titre_0_xznsgpbzkf|description_1_5on9y4duhe|01/01/2021|
ADD_DEMANDEAGENT|/Application|titre_0_4qnxy6jq5q|description_1_7ns9ctyfpn|01/01/2021|
ADD_DEMANDEAGENT|/Application|titre_0_jjyckmczu7|description_1_r39n2awdi7|01/01/2021|
ADD_DEMANDEAGENT|/Application|titre_0_p5w9p4vnwz|description_1_oi6oq1tc57|01/01/2021|
ADD_DEMANDEAGENT|/Application|titre_0_gxy052y5ri|description_1_ttux8b3qy1|01/01/2021|
ADD_DEMANDEAGENT|/Application|titre_0_niy6zhhzpb|description_1_bbnwg7gplz|01/01/2021|
ADD_DEMANDEAGENT|/Application|titre_0_yqpqkt5kz4|description_1_90yikbtws0|01/01/2021|
ADD_DEMANDEAGENT|/Application|titre_0_ok7973hjxz|description_1_4z1sk3e7ze|01/01/2021|
ADD_DEMANDEAGENT|/Application|titre_0_ldrcugk185|description_1_gc39f8cnnr|01/01/2021|
ADD_DEMANDEAGENT|/Application|titre_0_efk6ks7bgr|description_1_vy4bl4de84|01/01/2021|
ADD_DEMANDEAGENT|/Application|titre_0_9uzsiuzbsc|description_1_yw432v6zh5|01/01/2021|
ADD_DEMANDEAGENT|/Application|titre_0_rxj98j46ph|description_1_bney2frm6q|01/01/2021|
ADD_DEMANDEAGENT|/Application|titre_0_gfe83d2ik9|description_1_g8pqsnm08h|01/01/2021|
ADD_DEMANDEAGENT|/Application|titre_0_ffsn0n1s6n|description_1_2nmzk523j3|01/01/2021|
ADD_DEMANDEAGENT|/Application|titre_0_p7olv9hu8m|description_1_bycyrbkeul|01/01/2021|
ADD_DEMANDEAGENT|/Application|titre_0_gkkvbjfps2|description_1_srgqlrebh2|01/01/2021|
ADD_DEMANDEAGENT|/Application|titre_0_vvmfxcikxq|description_1_wq4rdu7d2|01/01/2021|
ADD_DEMANDEAGENT|/Application|titre_0_7de5pm8p33|description_1_z69ldyfbnr|01/01/2021|
ADD_DEMANDEAGENT|/Application|titre_0_gb3a3lqrmw|description_1_bif4mtozse|01/01/2021|
ADD_DEMANDEAGENT|/Application|titre_0_3kfua2ihh0|description_1_suylouomth|01/01/2021|
ADD_DEMANDEAGENT|/Application|titre_0_p9wbgf4une|description_1_eny78nd946|01/01/2021|
ADD_DEMANDEAGENT|/Application|titre_0_nh6mft7y67|description_1_tgvnk6d7pj|01/01/2021|
ADD_DEMANDEAGENT|/Application|titre_0_xidmjslpmt|description_1_mfejrzf7ps|01/01/2021|
ADD_DEMANDEAGENT|/Application|titre_0_z1g9u0dsjp|description_1_sjbp1u5me0|01/01/2021|
ADD_DEMANDEAGENT|/Application|titre_0_40t798o2zh|description_1_575p31w4z8|01/01/2021|
ADD_DEMANDEAGENT|/Application|titre_0_26756apwt3|description_1_o0jkmk2clb|01/01/2021|
ADD_DEMANDEAGENT|/Application|titre_0_xl2zbbwr3f|description_1_lcqvg5hwr3|01/01/2021|
ADD_DEMANDEAGENT|/Application|titre_0_o78nbb8ioh|description_1_1iuyago7sb|01/01/2021|
ADD_DEMANDEAGENT|/Application|titre_0_7qwy8ms4tq|description_1_qwbncl5c42|01/01/2021|
ADD_DEMANDEAGENT|/Application|titre_0_h79ug3rprc|description_1_851ruefkup|01/01/2021|
ADD_DEMANDEAGENT|/Application|titre_0_xk0f9ipsl|description_1_sxkja4p0u1|01/01/2021|
ADD_DEMANDEAGENT|/Application|titre_0_4b39sh2xq6|description_1_esy3l3u074|01/01/2021|
ADD_DEMANDEAGENT|/Application|titre_0_k7x7p0b33g|description_1_xj7tst3chr|01/01/2021|
ADD_DEMANDEAGENT|/Application|titre_0_xmlslor369|description_1_chl7933l3r|01/01/2021|
ADD_DEMANDEAGENT|/Application|titre_0_n47jln3pp1|description_1_xihgrgys1w|01/01/2021|
ADD_DEMANDEAGENT|/Application|titre_0_d4hqbx1j24|description_1_cb8daxha1a|01/01/2021|
ADD_DEMANDEAGENT|/Application|titre_0_e1sbpqe4hc|description_1_5yd2lk4uhp|01/01/2021|
ADD_DEMANDEAGENT|/Application|titre_0_ud9732fxmx|description_1_ozhlom3xrw|01/01/2021|
ADD_DEMANDEAGENT|/Application|titre_0_adk5j6kmko|description_1_t3oyux9kz8|01/01/2021|
ADD_DEMANDEAGENT|/Application|titre_0_fs0t8ci9oq|description_1_o8ikaaug1e|01/01/2021|
ADD_DEMANDEAGENT|/Application|titre_0_mn1zucm423|description_1_590xddqb28|01/01/2021|
ADD_DEMANDEAGENT|/Application|titre_0_i48fmwexnw|description_1_lcav9b81t|01/01/2021|
ADD_DEMANDEAGENT|/Application|titre_0_ug589hg28r|description_1_dgvq0kmemq|01/01/2021|
ADD_DEMANDEAGENT|/Application|titre_0_3nnkvdmxfl|description_1_81oc4obwlr|01/01/2021|
ADD_DEMANDEAGENT|/Application|titre_0_1ysi80vukn|description_1_b9wrvafn36|01/01/2021|
ADD_DEMANDEAGENT|/Application|titre_0_dz9z7bu3z6|description_1_eut9gich9z|01/01/2021|
ADD_DEMANDEAGENT|/Application|titre_0_vbb8dp8oc9|description_1_n705se1682|01/01/2021|
ADD_DEMANDEAGENT|/Application|titre_0_dcf47xiilt|description_1_1n8nm5e41u|01/01/2021|
ADD_DEMANDEAGENT|/Application|titre_0_r6k3nmdsd6|description_1_54j1o0dulk|01/01/2021|
ADD_DEMANDEAGENT|/Application|titre_0_vnjwvqv8xh|description_1_jikv5r5sit|01/01/2021|
ADD_DEMANDEAGENT|/Application|titre_0_tfyiba0vcu|description_1_50hu9x3erc|01/01/2021|
ADD_DEMANDEAGENT|/Application|titre_0_2lb3idpptw|description_1_qu0jjg1ec7|01/01/2021|
ADD_DEMANDEAGENT|/Application|titre_0_wlgh3q90ln|description_1_79rs4v169c|01/01/2021|
ADD_DEMANDEAGENT|/Application|titre_0_dp11jvjoyt|description_1_6otz44ybvp|01/01/2021|
ADD_DEMANDEAGENT|/Application|titre_0_wp5zaqc31r|description_1_6k5smddvg2|01/01/2021|
ADD_DEMANDEAGENT|/Application|titre_0_zsag6y33xo|description_1_2gz4r6vzce|01/01/2021|
ADD_DEMANDEAGENT|/Application|titre_0_cyw5e06via|description_1_n1fvad6jlr|01/01/2021|
ADD_DEMANDEAGENT|/Application|titre_0_ybo0bjmvzp|description_1_e99uv5p0c8|01/01/2021|
ADD_DEMANDEAGENT|/Application|titre_0_6dom1x4bbz|description_1_haov53z5a3|01/01/2021|
ADD_DEMANDEAGENT|/Application|titre_0_9396nbgtb6|description_1_6j3pkozcez|01/01/2021|
ADD_DEMANDEAGENT|/Application|titre_0_19a2m3eomv|description_1_mzqudgi4uo|01/01/2021|
ADD_DEMANDEAGENT|/Application|titre_0_sjbxcasrad|description_1_m2ymo7al34|01/01/2021|
ADD_DEMANDEAGENT|/Application|titre_0_bmhq8smbag|description_1_7pnm54szof|01/01/2021|
ADD_DEMANDEAGENT|/Application|titre_0_myjpbn67hk|description_1_3nxc5xgkp2|01/01/2021|
ADD_DEMANDEAGENT|/Application|titre_0_w146e86qf6|description_1_pszitlmzhs|01/01/2021|
ADD_DEMANDEAGENT|/Application|titre_0_5xrdddne81|description_1_ed5s85fwco|01/01/2021|
ADD_DEMANDEAGENT|/Application|titre_0_pwcxj36xmp|description_1_lew2v2pq7t|01/01/2021|
ADD_DEMANDEAGENT|/Application|titre_0_mlgs9xejry|description_1_94g3jqugtn|01/01/2021|
ADD_DEMANDEAGENT|/Application|titre_0_rpmseixbzm|description_1_70cizc33v0|01/01/2021|
ADD_DEMANDEAGENT|/Application|titre_0_7eebxo95gw|description_1_761y0ix8oc|01/01/2021|
