ADD_DEMANDEAGENTFACILITATEUR|/Application|titre_0_esi9xn1czf|theme_1_3t30r5223d|description_2_ijien2ekd4|01/01/2021|
ADD_DEMANDEAGENTFACILITATEUR|/Application|titre_0_1vybuqs397|theme_1_dtnqklwhn1|description_2_opgbet13mk|01/01/2021|
ADD_DEMANDEAGENTFACILITATEUR|/Application|titre_0_xmdec9dozz|theme_1_8ixqufek5b|description_2_ay4xnscwnf|01/01/2021|
ADD_DEMANDEAGENTFACILITATEUR|/Application|titre_0_73fkv9ug1v|theme_1_pw6z27goht|description_2_lkpgvtztlt|01/01/2021|
ADD_DEMANDEAGENTFACILITATEUR|/Application|titre_0_c7hlmo1fam|theme_1_pf18oejttf|description_2_7fzm6yfv9b|01/01/2021|
ADD_DEMANDEAGENTFACILITATEUR|/Application|titre_0_epmc0uuly0|theme_1_r0kysrpeq4|description_2_c1emzu5xlx|01/01/2021|
ADD_DEMANDEAGENTFACILITATEUR|/Application|titre_0_71xgrjqy45|theme_1_sz7nlxo3pn|description_2_nsa0g3c7y2|01/01/2021|
ADD_DEMANDEAGENTFACILITATEUR|/Application|titre_0_w24cwmcyjz|theme_1_xkftqypb5d|description_2_htx2syyfyb|01/01/2021|
ADD_DEMANDEAGENTFACILITATEUR|/Application|titre_0_tzzaf4hzlv|theme_1_n4tg857jes|description_2_czna7g8zi6|01/01/2021|
ADD_DEMANDEAGENTFACILITATEUR|/Application|titre_0_22ghrkp0ei|theme_1_u1do23zwon|description_2_vqh1uu2lp7|01/01/2021|
ADD_DEMANDEAGENTFACILITATEUR|/Application|titre_0_7vx4nbk4tk|theme_1_qweynsndoq|description_2_4xbrjn39l6|01/01/2021|
ADD_DEMANDEAGENTFACILITATEUR|/Application|titre_0_yhaf0hxy5j|theme_1_hh7mfpyid3|description_2_czu7gc83q5|01/01/2021|
ADD_DEMANDEAGENTFACILITATEUR|/Application|titre_0_lliysh4eti|theme_1_xnrjso5r71|description_2_96uxnfxz7r|01/01/2021|
ADD_DEMANDEAGENTFACILITATEUR|/Application|titre_0_n9lczllfw5|theme_1_5q0dmzvxo2|description_2_cb66bcwdw7|01/01/2021|
ADD_DEMANDEAGENTFACILITATEUR|/Application|titre_0_zu0f1xyrf8|theme_1_f8cen0qwe4|description_2_m1b7ctl84g|01/01/2021|
ADD_DEMANDEAGENTFACILITATEUR|/Application|titre_0_9u3uybervq|theme_1_rltzq4w8n6|description_2_phs3oc5769|01/01/2021|
ADD_DEMANDEAGENTFACILITATEUR|/Application|titre_0_xbmppi2ppw|theme_1_enbrn1eolx|description_2_kp4gnir8p5|01/01/2021|
ADD_DEMANDEAGENTFACILITATEUR|/Application|titre_0_5h85g4kzbs|theme_1_q980x6rw8e|description_2_v1u2doq63i|01/01/2021|
ADD_DEMANDEAGENTFACILITATEUR|/Application|titre_0_9grpad668w|theme_1_yfk1aclo7b|description_2_bsoqdvr8ww|01/01/2021|
ADD_DEMANDEAGENTFACILITATEUR|/Application|titre_0_2hxk3govhq|theme_1_hdrb3vcymb|description_2_i2zf125uja|01/01/2021|
ADD_DEMANDEAGENTFACILITATEUR|/Application|titre_0_5ranvam7ll|theme_1_g3bsjfwqfx|description_2_f7v1dud2y6|01/01/2021|
ADD_DEMANDEAGENTFACILITATEUR|/Application|titre_0_t7hoj0syoz|theme_1_eg00m18djc|description_2_edwrabz28d|01/01/2021|
ADD_DEMANDEAGENTFACILITATEUR|/Application|titre_0_40a3r2pdmq|theme_1_sjeiopo1tp|description_2_134bv2l94q|01/01/2021|
ADD_DEMANDEAGENTFACILITATEUR|/Application|titre_0_amnfpa3owx|theme_1_om93qqex3n|description_2_qnmiu1bfg0|01/01/2021|
ADD_DEMANDEAGENTFACILITATEUR|/Application|titre_0_pgo9p7ff0k|theme_1_d7tu64vgeu|description_2_8tska1lvj5|01/01/2021|
ADD_DEMANDEAGENTFACILITATEUR|/Application|titre_0_l0d90qh0o4|theme_1_rwgys2uqyq|description_2_ta7xwgtgsz|01/01/2021|
ADD_DEMANDEAGENTFACILITATEUR|/Application|titre_0_mmnttgaawv|theme_1_th4fvlm7g1|description_2_rwi8hcpvvw|01/01/2021|
ADD_DEMANDEAGENTFACILITATEUR|/Application|titre_0_mvpbjabi42|theme_1_9kzdh6yyer|description_2_os73ld62wj|01/01/2021|
ADD_DEMANDEAGENTFACILITATEUR|/Application|titre_0_khl0hfvpgp|theme_1_khpv6p03vb|description_2_vvyojnnqb|01/01/2021|
ADD_DEMANDEAGENTFACILITATEUR|/Application|titre_0_6l4rgb0ib3|theme_1_8ocg6e8dvw|description_2_8qgn36ddjo|01/01/2021|
ADD_DEMANDEAGENTFACILITATEUR|/Application|titre_0_xrjucolln2|theme_1_zjdtgcgcr2|description_2_b2ea59pnzb|01/01/2021|
ADD_DEMANDEAGENTFACILITATEUR|/Application|titre_0_rqn19hk27c|theme_1_bynmg48wql|description_2_fucst4nywh|01/01/2021|
ADD_DEMANDEAGENTFACILITATEUR|/Application|titre_0_2s07xk2pbc|theme_1_hhfbbx4xkl|description_2_hhzmst4ivx|01/01/2021|
ADD_DEMANDEAGENTFACILITATEUR|/Application|titre_0_dedva0c6k5|theme_1_vqwg2ul39q|description_2_uo4h0buqv3|01/01/2021|
ADD_DEMANDEAGENTFACILITATEUR|/Application|titre_0_itq719mz3x|theme_1_414hrahmhd|description_2_tz9q1gg0a5|01/01/2021|
ADD_DEMANDEAGENTFACILITATEUR|/Application|titre_0_qimhb4794g|theme_1_i77mu06f8l|description_2_nied1hmu0u|01/01/2021|
ADD_DEMANDEAGENTFACILITATEUR|/Application|titre_0_hfk9zlewc4|theme_1_bnwnoc82u3|description_2_ua5iqq9dpv|01/01/2021|
ADD_DEMANDEAGENTFACILITATEUR|/Application|titre_0_o7g4r8896e|theme_1_d3ykjm52l2|description_2_rax24ggaan|01/01/2021|
ADD_DEMANDEAGENTFACILITATEUR|/Application|titre_0_zrrqtbxgzu|theme_1_sqarnpvt3w|description_2_iws0ksa49v|01/01/2021|
ADD_DEMANDEAGENTFACILITATEUR|/Application|titre_0_3r9ej7qbn5|theme_1_y2z161kqx7|description_2_wqf5fp8a72|01/01/2021|
ADD_DEMANDEAGENTFACILITATEUR|/Application|titre_0_uh6s41fyht|theme_1_qgdgsasbjv|description_2_qnzpyzfff7|01/01/2021|
ADD_DEMANDEAGENTFACILITATEUR|/Application|titre_0_57gj4gtfrn|theme_1_2w6v8m9g86|description_2_u6am449j3j|01/01/2021|
ADD_DEMANDEAGENTFACILITATEUR|/Application|titre_0_ur4xjsidug|theme_1_zepls9n3vu|description_2_a1lgy9bfvz|01/01/2021|
ADD_DEMANDEAGENTFACILITATEUR|/Application|titre_0_uzdaydyt3|theme_1_i2nfbj8ki1|description_2_woqc3jeoet|01/01/2021|
ADD_DEMANDEAGENTFACILITATEUR|/Application|titre_0_dn9ig46893|theme_1_pohuexw1d2|description_2_g8v3rgmqrs|01/01/2021|
ADD_DEMANDEAGENTFACILITATEUR|/Application|titre_0_tz969qa1y0|theme_1_g78djpl4tq|description_2_n45n8tmmm7|01/01/2021|
ADD_DEMANDEAGENTFACILITATEUR|/Application|titre_0_kqcbmxaf0f|theme_1_udcpjwhob9|description_2_w1fyyubwt|01/01/2021|
ADD_DEMANDEAGENTFACILITATEUR|/Application|titre_0_tvhqr6qwat|theme_1_pnv188m5n6|description_2_82stu6iyqp|01/01/2021|
ADD_DEMANDEAGENTFACILITATEUR|/Application|titre_0_uqwwg662qn|theme_1_gts2qx5gr1|description_2_pjuwa3w5xe|01/01/2021|
ADD_DEMANDEAGENTFACILITATEUR|/Application|titre_0_th3xr1ifpw|theme_1_i1oujl04dk|description_2_39sk1y210y|01/01/2021|
ADD_DEMANDEAGENTFACILITATEUR|/Application|titre_0_r5rmkr188u|theme_1_2vvcyurvbq|description_2_xvby1h2vmr|01/01/2021|
ADD_DEMANDEAGENTFACILITATEUR|/Application|titre_0_4kq8gcvewz|theme_1_rlz26d9hyd|description_2_3p2h4eu68m|01/01/2021|
ADD_DEMANDEAGENTFACILITATEUR|/Application|titre_0_ncyapaf1tz|theme_1_kkzv6rwtc7|description_2_d5qqhob5y7|01/01/2021|
ADD_DEMANDEAGENTFACILITATEUR|/Application|titre_0_b81dna085n|theme_1_xeq8gfzha3|description_2_bv65v0h7mf|01/01/2021|
ADD_DEMANDEAGENTFACILITATEUR|/Application|titre_0_hm2qmx80cp|theme_1_o85p21wytb|description_2_1zjbljlofv|01/01/2021|
ADD_DEMANDEAGENTFACILITATEUR|/Application|titre_0_l8h3dwr93h|theme_1_9g4beg2dqw|description_2_3upczmjhh1|01/01/2021|
ADD_DEMANDEAGENTFACILITATEUR|/Application|titre_0_5w8dtuomh6|theme_1_w5rsixfvni|description_2_v8yhh7wunq|01/01/2021|
ADD_DEMANDEAGENTFACILITATEUR|/Application|titre_0_2oc9z8nqh1|theme_1_7b2i4rj257|description_2_8gi2ugnrgr|01/01/2021|
ADD_DEMANDEAGENTFACILITATEUR|/Application|titre_0_5fcdrumjo1|theme_1_otmhxdwgq6|description_2_rcfprivcv8|01/01/2021|
ADD_DEMANDEAGENTFACILITATEUR|/Application|titre_0_x0yycz2je3|theme_1_2rvo5wmad7|description_2_8t5aoei30g|01/01/2021|
ADD_DEMANDEAGENTFACILITATEUR|/Application|titre_0_wappcdqm5l|theme_1_dp3yqkv51b|description_2_5af3urqion|01/01/2021|
ADD_DEMANDEAGENTFACILITATEUR|/Application|titre_0_9x3mso6kke|theme_1_crruapst6q|description_2_69jy5sugod|01/01/2021|
ADD_DEMANDEAGENTFACILITATEUR|/Application|titre_0_32zlls7qg6|theme_1_umzidq6wx9|description_2_mt6qdfeg34|01/01/2021|
ADD_DEMANDEAGENTFACILITATEUR|/Application|titre_0_fj2ad3sxjq|theme_1_24mhfy0bj|description_2_ajsg1wnd1q|01/01/2021|
ADD_DEMANDEAGENTFACILITATEUR|/Application|titre_0_zplbbhmk1x|theme_1_7xdyfgtgmi|description_2_p5a3ec0p8i|01/01/2021|
ADD_DEMANDEAGENTFACILITATEUR|/Application|titre_0_ud8ann41aw|theme_1_pb5zx90pn1|description_2_m2bu2kcvtn|01/01/2021|
ADD_DEMANDEAGENTFACILITATEUR|/Application|titre_0_nayv3pyhia|theme_1_kq33cs5e9d|description_2_zbjexnsfie|01/01/2021|
ADD_DEMANDEAGENTFACILITATEUR|/Application|titre_0_69rn488q1p|theme_1_2bbhjkidsi|description_2_448zwh91he|01/01/2021|
ADD_DEMANDEAGENTFACILITATEUR|/Application|titre_0_w1r59za21|theme_1_1up2qjd9b9|description_2_x4aad8ail3|01/01/2021|
ADD_DEMANDEAGENTFACILITATEUR|/Application|titre_0_dvphuqa2yn|theme_1_y1v3ze2rk|description_2_dlbgvn2ft8|01/01/2021|
ADD_DEMANDEAGENTFACILITATEUR|/Application|titre_0_dlkmcsi3jq|theme_1_div2kcgtce|description_2_r6bpll0cqk|01/01/2021|
ADD_DEMANDEAGENTFACILITATEUR|/Application|titre_0_td288gud0q|theme_1_ob6yvwdbbz|description_2_97xyhk51uq|01/01/2021|
ADD_DEMANDEAGENTFACILITATEUR|/Application|titre_0_4x7k8tct5d|theme_1_d0v01da91t|description_2_nu0cej5l08|01/01/2021|
ADD_DEMANDEAGENTFACILITATEUR|/Application|titre_0_gvessp8roa|theme_1_c28l3kgbo2|description_2_q8dv6iju0c|01/01/2021|
ADD_DEMANDEAGENTFACILITATEUR|/Application|titre_0_6dnwwxkyzt|theme_1_k37qmo4ykl|description_2_x451nrmcfk|01/01/2021|
ADD_DEMANDEAGENTFACILITATEUR|/Application|titre_0_8h2x4y6djp|theme_1_n5ib4hhbqt|description_2_hp5kv6coja|01/01/2021|
ADD_DEMANDEAGENTFACILITATEUR|/Application|titre_0_v3eomj28rv|theme_1_g1xlwh0s17|description_2_ikwh5tjs2c|01/01/2021|
ADD_DEMANDEAGENTFACILITATEUR|/Application|titre_0_zuq0ywkoy0|theme_1_z25oykkt5w|description_2_3vk4iufm2g|01/01/2021|
ADD_DEMANDEAGENTFACILITATEUR|/Application|titre_0_mr2pc6m7ug|theme_1_3wjt5d4iug|description_2_itn3dfkrzz|01/01/2021|
ADD_DEMANDEAGENTFACILITATEUR|/Application|titre_0_b12hif2ams|theme_1_2xafua9qd3|description_2_ybgmiyzu2j|01/01/2021|
ADD_DEMANDEAGENTFACILITATEUR|/Application|titre_0_1lfo5wh89c|theme_1_xb01fkr3qj|description_2_ekmjmobnra|01/01/2021|
ADD_DEMANDEAGENTFACILITATEUR|/Application|titre_0_kjsfiypkk0|theme_1_frbe6znsmc|description_2_le3uexrc7p|01/01/2021|
ADD_DEMANDEAGENTFACILITATEUR|/Application|titre_0_lfjzyypnfg|theme_1_wkwvy9siec|description_2_1zlx4199gb|01/01/2021|
ADD_DEMANDEAGENTFACILITATEUR|/Application|titre_0_y9eft4cx4z|theme_1_elob781pql|description_2_n5ksnsa49x|01/01/2021|
ADD_DEMANDEAGENTFACILITATEUR|/Application|titre_0_79a2z39m2z|theme_1_igsqzxnr80|description_2_lh2sg8tyk8|01/01/2021|
ADD_DEMANDEAGENTFACILITATEUR|/Application|titre_0_c90a7xxox8|theme_1_vo667jv9ir|description_2_qv7rs501pd|01/01/2021|
ADD_DEMANDEAGENTFACILITATEUR|/Application|titre_0_z470j37abe|theme_1_jr6daxta3o|description_2_egzxc67q8m|01/01/2021|
ADD_DEMANDEAGENTFACILITATEUR|/Application|titre_0_ng4427cdqb|theme_1_ypq3sjg7h3|description_2_c1dxgjgijw|01/01/2021|
ADD_DEMANDEAGENTFACILITATEUR|/Application|titre_0_ihovvy6hfw|theme_1_pzoffid90h|description_2_nkfbfpqv3f|01/01/2021|
ADD_DEMANDEAGENTFACILITATEUR|/Application|titre_0_t6iz6k5y4u|theme_1_7zny7zqeuq|description_2_y2mmac3y2w|01/01/2021|
ADD_DEMANDEAGENTFACILITATEUR|/Application|titre_0_3x71zc4m4o|theme_1_53zc3oz3yk|description_2_uipe5kx2kw|01/01/2021|
ADD_DEMANDEAGENTFACILITATEUR|/Application|titre_0_jpkvugyyrd|theme_1_nqff2p8cr1|description_2_57h2d6aoqi|01/01/2021|
ADD_DEMANDEAGENTFACILITATEUR|/Application|titre_0_5yrc4xge3s|theme_1_rdq8uur938|description_2_fy1tysipff|01/01/2021|
ADD_DEMANDEAGENTFACILITATEUR|/Application|titre_0_usa8junf7g|theme_1_9njzmv90ak|description_2_cp2r8o4y1y|01/01/2021|
ADD_DEMANDEAGENTFACILITATEUR|/Application|titre_0_14fx2k62gi|theme_1_fgibu7ixti|description_2_v7ygt2dj3o|01/01/2021|
ADD_DEMANDEAGENTFACILITATEUR|/Application|titre_0_rcg4bx30at|theme_1_wfd3nurm73|description_2_lns73haui9|01/01/2021|
ADD_DEMANDEAGENTFACILITATEUR|/Application|titre_0_ywsxrdx85z|theme_1_v8ng94aixo|description_2_zyqz4lgs0k|01/01/2021|
ADD_DEMANDEAGENTFACILITATEUR|/Application|titre_0_rx309fxv6z|theme_1_epe2h1o7te|description_2_x0crkxsjrb|01/01/2021|
ADD_DEMANDEAGENTFACILITATEUR|/Application|titre_0_z0reqc4q1w|theme_1_curt64dcqq|description_2_l05o99i19c|01/01/2021|
ADD_DEMANDEAGENTFACILITATEUR|/Application|titre_0_trzow75kah|theme_1_hr9d0nli0n|description_2_1eylb4m9k8|01/01/2021|
