ADD_DEMANDEEXPERT|/Application|titre_0_kyrqllwykm|description_1_l3us70ovdg|01/01/2021|
ADD_DEMANDEEXPERT|/Application|titre_0_39njyc6e80|description_1_efxj5n8aiq|01/01/2021|
ADD_DEMANDEEXPERT|/Application|titre_0_ydvz9rqjff|description_1_1mqf9puc8v|01/01/2021|
ADD_DEMANDEEXPERT|/Application|titre_0_jgiahn7zdd|description_1_8j6084svs8|01/01/2021|
ADD_DEMANDEEXPERT|/Application|titre_0_z1j5m4cai3|description_1_p3zh8d4l0e|01/01/2021|
ADD_DEMANDEEXPERT|/Application|titre_0_8dth2hunc0|description_1_z2ltcarzha|01/01/2021|
ADD_DEMANDEEXPERT|/Application|titre_0_7th3ncrbdz|description_1_1rta7x42nf|01/01/2021|
ADD_DEMANDEEXPERT|/Application|titre_0_l9tgq0fxoe|description_1_ggqbb6m8x2|01/01/2021|
ADD_DEMANDEEXPERT|/Application|titre_0_eq812i90wg|description_1_rja4uxz91x|01/01/2021|
ADD_DEMANDEEXPERT|/Application|titre_0_zj4vgk4n32|description_1_rohbhcb1k5|01/01/2021|
ADD_DEMANDEEXPERT|/Application|titre_0_ty9vj9c971|description_1_y792dyuult|01/01/2021|
ADD_DEMANDEEXPERT|/Application|titre_0_a2519e335r|description_1_fuh7fg8liz|01/01/2021|
ADD_DEMANDEEXPERT|/Application|titre_0_p6evaw5aas|description_1_jx0m2n3ejt|01/01/2021|
ADD_DEMANDEEXPERT|/Application|titre_0_cyjqmag14e|description_1_umkqmzbfir|01/01/2021|
ADD_DEMANDEEXPERT|/Application|titre_0_4pmkb2b201|description_1_xiey096d2|01/01/2021|
ADD_DEMANDEEXPERT|/Application|titre_0_7ls9ecr3us|description_1_v7iqk437s9|01/01/2021|
ADD_DEMANDEEXPERT|/Application|titre_0_jeqcxfm5sr|description_1_bcm1vhjkqk|01/01/2021|
ADD_DEMANDEEXPERT|/Application|titre_0_pmfj74y8bl|description_1_xlmqvxgkah|01/01/2021|
ADD_DEMANDEEXPERT|/Application|titre_0_zbq5psddny|description_1_z0by6lse86|01/01/2021|
ADD_DEMANDEEXPERT|/Application|titre_0_u0t7i2zaql|description_1_y9ryaham0o|01/01/2021|
ADD_DEMANDEEXPERT|/Application|titre_0_ewy88tu3bj|description_1_woheqagqr4|01/01/2021|
ADD_DEMANDEEXPERT|/Application|titre_0_37lasnj5ot|description_1_oa5fmiqi01|01/01/2021|
ADD_DEMANDEEXPERT|/Application|titre_0_kd3gkz34zh|description_1_s48o3zweij|01/01/2021|
ADD_DEMANDEEXPERT|/Application|titre_0_fvn1w06rhb|description_1_o5404q0pgc|01/01/2021|
ADD_DEMANDEEXPERT|/Application|titre_0_guu62sqwnv|description_1_95pbcse6nr|01/01/2021|
ADD_DEMANDEEXPERT|/Application|titre_0_lm331gpcn8|description_1_r2txcnfpjo|01/01/2021|
ADD_DEMANDEEXPERT|/Application|titre_0_rabii034pq|description_1_zh3l7jlj22|01/01/2021|
ADD_DEMANDEEXPERT|/Application|titre_0_2eo4n2bldl|description_1_s4ggsohd27|01/01/2021|
ADD_DEMANDEEXPERT|/Application|titre_0_q1dwry4uym|description_1_o8ffk0svxj|01/01/2021|
ADD_DEMANDEEXPERT|/Application|titre_0_j5wqedj0d2|description_1_t9nxwv4qnh|01/01/2021|
ADD_DEMANDEEXPERT|/Application|titre_0_74jvryc063|description_1_nre9thf85d|01/01/2021|
ADD_DEMANDEEXPERT|/Application|titre_0_8y9bx7weuy|description_1_dx9rya1lri|01/01/2021|
ADD_DEMANDEEXPERT|/Application|titre_0_doenknjn0t|description_1_w9izedo6in|01/01/2021|
ADD_DEMANDEEXPERT|/Application|titre_0_mfrxhwlyzr|description_1_b3o4hoag87|01/01/2021|
ADD_DEMANDEEXPERT|/Application|titre_0_pfbfi5cdiy|description_1_jmm24qjau0|01/01/2021|
ADD_DEMANDEEXPERT|/Application|titre_0_hffvel0kcw|description_1_nl9jouocu3|01/01/2021|
ADD_DEMANDEEXPERT|/Application|titre_0_ld6o77i9ab|description_1_fvgfg8509z|01/01/2021|
ADD_DEMANDEEXPERT|/Application|titre_0_1qx5di9v3t|description_1_zfz8abe2mu|01/01/2021|
ADD_DEMANDEEXPERT|/Application|titre_0_fc0136fc4u|description_1_o8ty4hx2b2|01/01/2021|
ADD_DEMANDEEXPERT|/Application|titre_0_2nzrg4dbrh|description_1_t9z0s8wmcf|01/01/2021|
ADD_DEMANDEEXPERT|/Application|titre_0_e836egijvd|description_1_h5fm5cijic|01/01/2021|
ADD_DEMANDEEXPERT|/Application|titre_0_qsfhy16rm0|description_1_uj6d5ntthu|01/01/2021|
ADD_DEMANDEEXPERT|/Application|titre_0_d76lupbvno|description_1_abq2ozs1g4|01/01/2021|
ADD_DEMANDEEXPERT|/Application|titre_0_3pbxo0cfjq|description_1_5b78nuugpo|01/01/2021|
ADD_DEMANDEEXPERT|/Application|titre_0_djq3fzc5jq|description_1_wml87cf7c5|01/01/2021|
ADD_DEMANDEEXPERT|/Application|titre_0_30tnwp0ri4|description_1_4kcfhtaiuq|01/01/2021|
ADD_DEMANDEEXPERT|/Application|titre_0_np3bq5umdg|description_1_bfoq9uo0ag|01/01/2021|
ADD_DEMANDEEXPERT|/Application|titre_0_bj5obwmrq5|description_1_hn6ig20pbb|01/01/2021|
ADD_DEMANDEEXPERT|/Application|titre_0_g5ff7gehh3|description_1_31raggijrk|01/01/2021|
ADD_DEMANDEEXPERT|/Application|titre_0_jpr9mw24ho|description_1_64lyjfgavi|01/01/2021|
ADD_DEMANDEEXPERT|/Application|titre_0_kfusvp4wvj|description_1_hd6wqmcnk7|01/01/2021|
ADD_DEMANDEEXPERT|/Application|titre_0_cytb7kmq48|description_1_za3vnl6f6|01/01/2021|
ADD_DEMANDEEXPERT|/Application|titre_0_t8gymjwkd2|description_1_a2th7nynr0|01/01/2021|
ADD_DEMANDEEXPERT|/Application|titre_0_f9qnd89rq2|description_1_6c0wpvzhmw|01/01/2021|
ADD_DEMANDEEXPERT|/Application|titre_0_npk0m7s37n|description_1_2telsotuc0|01/01/2021|
ADD_DEMANDEEXPERT|/Application|titre_0_j08gpb20ot|description_1_ykbqwriru0|01/01/2021|
ADD_DEMANDEEXPERT|/Application|titre_0_dj81dtkoam|description_1_g2plhyrn6s|01/01/2021|
ADD_DEMANDEEXPERT|/Application|titre_0_id95ppi4uc|description_1_f8mrqzzjpb|01/01/2021|
ADD_DEMANDEEXPERT|/Application|titre_0_p8scji4pv1|description_1_1kzjp2l902|01/01/2021|
ADD_DEMANDEEXPERT|/Application|titre_0_oo1w2lgkgd|description_1_85jxhqfv7u|01/01/2021|
ADD_DEMANDEEXPERT|/Application|titre_0_7unjq753rm|description_1_ym4zuqj9us|01/01/2021|
ADD_DEMANDEEXPERT|/Application|titre_0_hsw169hp8u|description_1_hpb15q4q8j|01/01/2021|
ADD_DEMANDEEXPERT|/Application|titre_0_tpwxu4zxp3|description_1_xxhvcymx2m|01/01/2021|
ADD_DEMANDEEXPERT|/Application|titre_0_wqch9k7v9k|description_1_fzujyvex57|01/01/2021|
ADD_DEMANDEEXPERT|/Application|titre_0_hth5a32f9y|description_1_45pelc4zcu|01/01/2021|
ADD_DEMANDEEXPERT|/Application|titre_0_flwyzxdkj|description_1_v6m3i0h96t|01/01/2021|
ADD_DEMANDEEXPERT|/Application|titre_0_r32m9pyd1|description_1_yh6i92rhn3|01/01/2021|
ADD_DEMANDEEXPERT|/Application|titre_0_olw9sjrva8|description_1_5ils7lh0h|01/01/2021|
ADD_DEMANDEEXPERT|/Application|titre_0_6nkh9opj2c|description_1_f3nltdi67g|01/01/2021|
ADD_DEMANDEEXPERT|/Application|titre_0_yza4aafr2|description_1_ujty8aer67|01/01/2021|
ADD_DEMANDEEXPERT|/Application|titre_0_z7pm6vfyc8|description_1_fc2hypgs48|01/01/2021|
ADD_DEMANDEEXPERT|/Application|titre_0_vmalealm3|description_1_3o2uwz1mxw|01/01/2021|
ADD_DEMANDEEXPERT|/Application|titre_0_8w00vian63|description_1_kh7qsvpjgf|01/01/2021|
ADD_DEMANDEEXPERT|/Application|titre_0_lijl4s8v5m|description_1_uqqdhsvbls|01/01/2021|
ADD_DEMANDEEXPERT|/Application|titre_0_ukre62pjnm|description_1_cle6dgbxs3|01/01/2021|
ADD_DEMANDEEXPERT|/Application|titre_0_dwho1vbrqr|description_1_3rwws9jzgk|01/01/2021|
ADD_DEMANDEEXPERT|/Application|titre_0_544mvs6vfe|description_1_2i05sch301|01/01/2021|
ADD_DEMANDEEXPERT|/Application|titre_0_r3gh55zm9n|description_1_z6tsbzkdrc|01/01/2021|
ADD_DEMANDEEXPERT|/Application|titre_0_zu9q2rmc61|description_1_idxli1mpk6|01/01/2021|
ADD_DEMANDEEXPERT|/Application|titre_0_fe1ntfkozk|description_1_uxe0slhigb|01/01/2021|
ADD_DEMANDEEXPERT|/Application|titre_0_oxzlswsfea|description_1_trqhh5gxhm|01/01/2021|
ADD_DEMANDEEXPERT|/Application|titre_0_36cyo1xzob|description_1_yxvxiguzui|01/01/2021|
ADD_DEMANDEEXPERT|/Application|titre_0_pyo1q3dp7|description_1_33om73mrf7|01/01/2021|
ADD_DEMANDEEXPERT|/Application|titre_0_v86hi4mzk3|description_1_sh0spwwv6x|01/01/2021|
ADD_DEMANDEEXPERT|/Application|titre_0_lq66skccgp|description_1_d9rakn82i3|01/01/2021|
ADD_DEMANDEEXPERT|/Application|titre_0_weh8do2ifx|description_1_oogaeiss5p|01/01/2021|
ADD_DEMANDEEXPERT|/Application|titre_0_wgk207g7kt|description_1_zvtwx12od7|01/01/2021|
ADD_DEMANDEEXPERT|/Application|titre_0_j8fatm93w9|description_1_dt8z824jc3|01/01/2021|
ADD_DEMANDEEXPERT|/Application|titre_0_hgtgychbo|description_1_asco3c33va|01/01/2021|
ADD_DEMANDEEXPERT|/Application|titre_0_cdu1gz862t|description_1_qu5t3kbctl|01/01/2021|
ADD_DEMANDEEXPERT|/Application|titre_0_szvib6axgd|description_1_dtk1m067h9|01/01/2021|
ADD_DEMANDEEXPERT|/Application|titre_0_nede8zicv|description_1_m8djrv25li|01/01/2021|
ADD_DEMANDEEXPERT|/Application|titre_0_mkbrcyto28|description_1_uwehr9ek92|01/01/2021|
ADD_DEMANDEEXPERT|/Application|titre_0_gox5ft4doq|description_1_2p72m4lw4w|01/01/2021|
ADD_DEMANDEEXPERT|/Application|titre_0_pva2eam210|description_1_f2pvn5zh12|01/01/2021|
ADD_DEMANDEEXPERT|/Application|titre_0_kzoq3s3rux|description_1_gn83r3jaod|01/01/2021|
ADD_DEMANDEEXPERT|/Application|titre_0_dh1mysupt2|description_1_t7aqpxb7pw|01/01/2021|
ADD_DEMANDEEXPERT|/Application|titre_0_rxuhfhrov6|description_1_kamcynskky|01/01/2021|
ADD_DEMANDEEXPERT|/Application|titre_0_9n32s3a0yd|description_1_2u12si3qxk|01/01/2021|
ADD_DEMANDEEXPERT|/Application|titre_0_3c58qoo4pz|description_1_30ejh65n7b|01/01/2021|
