ADD_EXPERTCATEGORY|/Application|nom_0_64khk6ierh|
ADD_EXPERTCATEGORY|/Application|nom_0_z2hs89loiq|
ADD_EXPERTCATEGORY|/Application|nom_0_k1kzyr6vxl|
ADD_EXPERTCATEGORY|/Application|nom_0_7vecg45n0z|
ADD_EXPERTCATEGORY|/Application|nom_0_ng9s75qwnj|
ADD_EXPERTCATEGORY|/Application|nom_0_8z7yw889e5|
ADD_EXPERTCATEGORY|/Application|nom_0_ee6dradm2c|
ADD_EXPERTCATEGORY|/Application|nom_0_3o58tp19ht|
ADD_EXPERTCATEGORY|/Application|nom_0_yr2plr4a36|
ADD_EXPERTCATEGORY|/Application|nom_0_v62q0upvj5|
ADD_EXPERTCATEGORY|/Application|nom_0_hno5pbbvtq|
ADD_EXPERTCATEGORY|/Application|nom_0_vb60rw1amq|
ADD_EXPERTCATEGORY|/Application|nom_0_aeynj2cbsz|
ADD_EXPERTCATEGORY|/Application|nom_0_y9df6dq8mz|
ADD_EXPERTCATEGORY|/Application|nom_0_7dbuh1ynij|
ADD_EXPERTCATEGORY|/Application|nom_0_nzv4o8lv5z|
ADD_EXPERTCATEGORY|/Application|nom_0_m7bhwpjro3|
ADD_EXPERTCATEGORY|/Application|nom_0_4ujvl52cq7|
ADD_EXPERTCATEGORY|/Application|nom_0_lkfbh5cs48|
ADD_EXPERTCATEGORY|/Application|nom_0_rxyhrdnrq5|
ADD_EXPERTCATEGORY|/Application|nom_0_edk5fd9sfg|
ADD_EXPERTCATEGORY|/Application|nom_0_p9cen8d6f|
ADD_EXPERTCATEGORY|/Application|nom_0_bu4ot6b3s5|
ADD_EXPERTCATEGORY|/Application|nom_0_oigkykvl3d|
ADD_EXPERTCATEGORY|/Application|nom_0_45tzktcr83|
ADD_EXPERTCATEGORY|/Application|nom_0_2wzzt3p5w6|
ADD_EXPERTCATEGORY|/Application|nom_0_nfbrnlid7f|
ADD_EXPERTCATEGORY|/Application|nom_0_px0wg2bd1c|
ADD_EXPERTCATEGORY|/Application|nom_0_5ncxv44m23|
ADD_EXPERTCATEGORY|/Application|nom_0_idz1rvjaiu|
ADD_EXPERTCATEGORY|/Application|nom_0_t5n37ccq8p|
ADD_EXPERTCATEGORY|/Application|nom_0_z5u7u65ckk|
ADD_EXPERTCATEGORY|/Application|nom_0_uei51bqwil|
ADD_EXPERTCATEGORY|/Application|nom_0_nba4eih2lh|
ADD_EXPERTCATEGORY|/Application|nom_0_bfhnnpd1l5|
ADD_EXPERTCATEGORY|/Application|nom_0_zoirn31t6f|
ADD_EXPERTCATEGORY|/Application|nom_0_pfjvg8m7yk|
ADD_EXPERTCATEGORY|/Application|nom_0_czgv9mozt0|
ADD_EXPERTCATEGORY|/Application|nom_0_oul8utwnea|
ADD_EXPERTCATEGORY|/Application|nom_0_sgeqzgz7cl|
ADD_EXPERTCATEGORY|/Application|nom_0_pb1rzdtu0w|
ADD_EXPERTCATEGORY|/Application|nom_0_e2b0us58oq|
ADD_EXPERTCATEGORY|/Application|nom_0_k1lqsntrc7|
ADD_EXPERTCATEGORY|/Application|nom_0_qhyk2nvs6f|
ADD_EXPERTCATEGORY|/Application|nom_0_txwu0gxipp|
ADD_EXPERTCATEGORY|/Application|nom_0_prad4xcb80|
ADD_EXPERTCATEGORY|/Application|nom_0_wgng3w5neq|
ADD_EXPERTCATEGORY|/Application|nom_0_mycjhk8yks|
ADD_EXPERTCATEGORY|/Application|nom_0_r4lddjp48w|
ADD_EXPERTCATEGORY|/Application|nom_0_6jjbzepcuu|
ADD_EXPERTCATEGORY|/Application|nom_0_viebp9y3vr|
ADD_EXPERTCATEGORY|/Application|nom_0_dvjmxixz5c|
ADD_EXPERTCATEGORY|/Application|nom_0_v52qva2c89|
ADD_EXPERTCATEGORY|/Application|nom_0_7xa5elkzbk|
ADD_EXPERTCATEGORY|/Application|nom_0_gy7pkut59v|
ADD_EXPERTCATEGORY|/Application|nom_0_n6c7yphq8m|
ADD_EXPERTCATEGORY|/Application|nom_0_8df39pov76|
ADD_EXPERTCATEGORY|/Application|nom_0_ayqjvp9qsh|
ADD_EXPERTCATEGORY|/Application|nom_0_ad0x9300en|
ADD_EXPERTCATEGORY|/Application|nom_0_5mfst6td0y|
ADD_EXPERTCATEGORY|/Application|nom_0_toomb1mu07|
ADD_EXPERTCATEGORY|/Application|nom_0_vioahngd6p|
ADD_EXPERTCATEGORY|/Application|nom_0_xs5imli16d|
ADD_EXPERTCATEGORY|/Application|nom_0_zz52gexym0|
ADD_EXPERTCATEGORY|/Application|nom_0_3n91yo0usx|
ADD_EXPERTCATEGORY|/Application|nom_0_gq80gahljk|
ADD_EXPERTCATEGORY|/Application|nom_0_kfa32z7s6i|
ADD_EXPERTCATEGORY|/Application|nom_0_4lly6gho1o|
ADD_EXPERTCATEGORY|/Application|nom_0_rnpzx5yxpw|
ADD_EXPERTCATEGORY|/Application|nom_0_lvcnrgfvjj|
ADD_EXPERTCATEGORY|/Application|nom_0_f0lhuwssry|
ADD_EXPERTCATEGORY|/Application|nom_0_s4incyenkf|
ADD_EXPERTCATEGORY|/Application|nom_0_soiyto3vae|
ADD_EXPERTCATEGORY|/Application|nom_0_uxfqxgf2b2|
ADD_EXPERTCATEGORY|/Application|nom_0_3k9vb8vefl|
ADD_EXPERTCATEGORY|/Application|nom_0_ek6qhe4k3d|
ADD_EXPERTCATEGORY|/Application|nom_0_9f3ffqeu1w|
ADD_EXPERTCATEGORY|/Application|nom_0_kujk90sq3z|
ADD_EXPERTCATEGORY|/Application|nom_0_lljqqitexp|
ADD_EXPERTCATEGORY|/Application|nom_0_a3b5pijkju|
ADD_EXPERTCATEGORY|/Application|nom_0_liwopoqoy4|
ADD_EXPERTCATEGORY|/Application|nom_0_nzzm06409j|
ADD_EXPERTCATEGORY|/Application|nom_0_6oetahlqr7|
ADD_EXPERTCATEGORY|/Application|nom_0_ssn1pywkad|
ADD_EXPERTCATEGORY|/Application|nom_0_mo3cdasi6o|
ADD_EXPERTCATEGORY|/Application|nom_0_e4vvzkopyw|
ADD_EXPERTCATEGORY|/Application|nom_0_3h09q4sjdw|
ADD_EXPERTCATEGORY|/Application|nom_0_28utfk72dj|
ADD_EXPERTCATEGORY|/Application|nom_0_usaskuuzfv|
ADD_EXPERTCATEGORY|/Application|nom_0_bcjjerhztf|
ADD_EXPERTCATEGORY|/Application|nom_0_1lnr4y1ae0|
ADD_EXPERTCATEGORY|/Application|nom_0_9abksc6pnm|
ADD_EXPERTCATEGORY|/Application|nom_0_onb95cputi|
ADD_EXPERTCATEGORY|/Application|nom_0_z6fj7rvki3|
ADD_EXPERTCATEGORY|/Application|nom_0_r603f6vk2e|
ADD_EXPERTCATEGORY|/Application|nom_0_5dxlxrezce|
ADD_EXPERTCATEGORY|/Application|nom_0_pwphs344p2|
ADD_EXPERTCATEGORY|/Application|nom_0_2d0qlziyoe|
ADD_EXPERTCATEGORY|/Application|nom_0_12ilzwg3cz|
ADD_EXPERTCATEGORY|/Application|nom_0_yg4ek2dy6q|
