ADD_REPLAY|/Application|titre_0_p7isxg1kom|mediaType_1_hkeh1dpr58|category_2_unl8x8fv8q|description_3_mq01x3jzul|externalLink_4_5f4vamalkx|
ADD_REPLAY|/Application|titre_0_1fc1ywpbav|mediaType_1_fn6ytlmawd|category_2_x6wnepz6a5|description_3_lj323wpeka|externalLink_4_wgv41rc7bc|
ADD_REPLAY|/Application|titre_0_p9qj6lyxy3|mediaType_1_10oik2ztng|category_2_j6zv3tbx6y|description_3_ma4m0b2yzz|externalLink_4_dhjfzdym84|
ADD_REPLAY|/Application|titre_0_hjqwxwaz0u|mediaType_1_i8lcclv1dr|category_2_sky9w1rvwf|description_3_mltedpiwy7|externalLink_4_mvmiubcga6|
ADD_REPLAY|/Application|titre_0_dpmx7vxmgh|mediaType_1_d279249p7q|category_2_f25m5ojkzv|description_3_y04n78onuh|externalLink_4_ug2njpmn22|
ADD_REPLAY|/Application|titre_0_prbrxnkpx8|mediaType_1_xpz4ppgcpe|category_2_86iv3j8riw|description_3_lo7kpmr3no|externalLink_4_i87yd2f1w2|
ADD_REPLAY|/Application|titre_0_al1u1hrlti|mediaType_1_2ztgswcgf|category_2_aaih48umaj|description_3_f850wjz04z|externalLink_4_e0o4aj1byz|
ADD_REPLAY|/Application|titre_0_cuvgg0ffx1|mediaType_1_ivttcvt8mj|category_2_tvxe9uax3x|description_3_6rr6sogk5w|externalLink_4_tdivf625b6|
ADD_REPLAY|/Application|titre_0_di0q363ott|mediaType_1_70cao4re9b|category_2_ewui9xc9d3|description_3_ggnqtui34c|externalLink_4_bv8qgownac|
ADD_REPLAY|/Application|titre_0_dhf6xeqvpu|mediaType_1_lwhds7u7l|category_2_e48adaxelb|description_3_tyftwhc8jz|externalLink_4_znc2sazk0m|
ADD_REPLAY|/Application|titre_0_w8xqbjersu|mediaType_1_43bxklvr9g|category_2_4eavtyifp9|description_3_1ixt9h23kj|externalLink_4_tu3nrhdg0x|
ADD_REPLAY|/Application|titre_0_ulmij8z762|mediaType_1_95h68yjok3|category_2_finwlnimlp|description_3_qlmezrjp1y|externalLink_4_ju87jjhlsm|
ADD_REPLAY|/Application|titre_0_7kujz99mnu|mediaType_1_caj8nu6v7j|category_2_vpz7vpq75a|description_3_cccaran2kj|externalLink_4_65euseb0jk|
ADD_REPLAY|/Application|titre_0_3xlbwocft3|mediaType_1_wc1d7iwwys|category_2_i201qwndq|description_3_i9jwex7u8d|externalLink_4_g7l4ovdzl9|
ADD_REPLAY|/Application|titre_0_a6v511f9nx|mediaType_1_dnjsrcrze2|category_2_yqaldj6f2n|description_3_tbeo4gj1mu|externalLink_4_cwo2x0hy7i|
ADD_REPLAY|/Application|titre_0_urlpbax1fz|mediaType_1_493wnzc0yf|category_2_1ufjdlz1yp|description_3_yws1nuc5td|externalLink_4_7nsz78wu93|
ADD_REPLAY|/Application|titre_0_5ptufpglsn|mediaType_1_t3zn7b0ozz|category_2_iwlzyi5dwq|description_3_3zerbboste|externalLink_4_qtpfm3yblc|
ADD_REPLAY|/Application|titre_0_1pl3j5lgwy|mediaType_1_1umg8907nu|category_2_ls8v1mblj4|description_3_5txoz7x3q1|externalLink_4_fuosa5wdp3|
ADD_REPLAY|/Application|titre_0_6tj51e3ut0|mediaType_1_bxq78p76dv|category_2_l2nqjraria|description_3_uo8veurezk|externalLink_4_xi2kejgc7x|
ADD_REPLAY|/Application|titre_0_lot2sjy9wm|mediaType_1_h7qdikfav|category_2_ir7kruhw6i|description_3_nk44r92hnf|externalLink_4_exsjj2gr3u|
ADD_REPLAY|/Application|titre_0_nz4aufb59w|mediaType_1_n7waj8raaz|category_2_qokgc13l65|description_3_z7ay4ounlj|externalLink_4_4nwbrp7q17|
ADD_REPLAY|/Application|titre_0_u1gno1emxq|mediaType_1_oeu465kp1o|category_2_iiywteym9r|description_3_hsx7j3l4l9|externalLink_4_v2k2t14748|
ADD_REPLAY|/Application|titre_0_hmtux067g8|mediaType_1_z92znil0r1|category_2_3z73bhd66l|description_3_f6ohsvy17w|externalLink_4_v0bykovx6v|
ADD_REPLAY|/Application|titre_0_g1w7yurv26|mediaType_1_h4twp8ystj|category_2_s2fs8epiny|description_3_4r7njgra64|externalLink_4_y1p3id4gdw|
ADD_REPLAY|/Application|titre_0_5c230u0zfy|mediaType_1_w09q2oxwal|category_2_3ivojbznn9|description_3_q413glzffa|externalLink_4_8zp88opu84|
ADD_REPLAY|/Application|titre_0_lus051y5bo|mediaType_1_7qjkwtiq7n|category_2_32fn33qor9|description_3_hoao4mqaw7|externalLink_4_lhlsxelt8x|
ADD_REPLAY|/Application|titre_0_f8gaym3vce|mediaType_1_b9q7gpjaga|category_2_lk9542vje4|description_3_mxq0em2xcb|externalLink_4_tgy1qa97rx|
ADD_REPLAY|/Application|titre_0_my8zkiu6hv|mediaType_1_590je1fbff|category_2_yrv8bg9w2x|description_3_kon5xssl2l|externalLink_4_w7ftc503n|
ADD_REPLAY|/Application|titre_0_w2bnmxuiiw|mediaType_1_6d151hyhxn|category_2_j02yp3ftw4|description_3_u60ve1d4pn|externalLink_4_unq544r3ql|
ADD_REPLAY|/Application|titre_0_wkmwqjsalx|mediaType_1_w9gsgcrrsk|category_2_roh2d1g4hv|description_3_44f86b90yd|externalLink_4_tnv7z9a1tn|
ADD_REPLAY|/Application|titre_0_fjsn103mm5|mediaType_1_8azyj4xrjx|category_2_72rbr8zhzj|description_3_g0m2tuqn34|externalLink_4_ttwfy0fcxf|
ADD_REPLAY|/Application|titre_0_uzwv8kk1bs|mediaType_1_53q8nnbyfr|category_2_546y543lwg|description_3_8lyxkejjlz|externalLink_4_swd4zcdbnv|
ADD_REPLAY|/Application|titre_0_f6a8zcmdx4|mediaType_1_vrf62lheqx|category_2_j0gz1xwdbi|description_3_8r6spwjfuk|externalLink_4_w5ozvkxl9s|
ADD_REPLAY|/Application|titre_0_k73zskjk4a|mediaType_1_mn46a9x64p|category_2_allq9tjtt5|description_3_r9jnw3359p|externalLink_4_l90vs6of33|
ADD_REPLAY|/Application|titre_0_b5hscshtdp|mediaType_1_nf04suagqy|category_2_eqo9ef36sk|description_3_qjf6rr164h|externalLink_4_9k5t5n3i88|
ADD_REPLAY|/Application|titre_0_eg3og5rz4t|mediaType_1_wl4gtz9kuy|category_2_9e5x1rd01f|description_3_korh7wachd|externalLink_4_7c8a63b8w2|
ADD_REPLAY|/Application|titre_0_jy9q43xkqq|mediaType_1_hzqme3iy0y|category_2_ozc3noanso|description_3_334lgp1cwr|externalLink_4_f6vvz1z4gw|
ADD_REPLAY|/Application|titre_0_20pnh4go4x|mediaType_1_j3w6iutdyo|category_2_1zsq7bwhsj|description_3_e0yx26k4k9|externalLink_4_m1jzx58ljp|
ADD_REPLAY|/Application|titre_0_a0i3xt0k3i|mediaType_1_xbb7ls1pc0|category_2_mgegocuog2|description_3_3tkz0sqdnz|externalLink_4_1jh2cv7pjk|
ADD_REPLAY|/Application|titre_0_liizw1xu4y|mediaType_1_mvy8y4rjcz|category_2_k4ol7oij2l|description_3_4kf8plztg9|externalLink_4_hr5i1hb24i|
ADD_REPLAY|/Application|titre_0_83hd679rmy|mediaType_1_4uzhsh490l|category_2_s9uwkhk1al|description_3_r4rhfefhhl|externalLink_4_s8wkb3e2d7|
ADD_REPLAY|/Application|titre_0_wjwdnfmqw2|mediaType_1_4xk61dkeyt|category_2_z72ezvwtv7|description_3_r1bhmfrb51|externalLink_4_o0tdknjvef|
ADD_REPLAY|/Application|titre_0_c97k23xve9|mediaType_1_u4fo0vgqpx|category_2_ll4cq3am0d|description_3_i43zc2x1d1|externalLink_4_uukflhw1ss|
ADD_REPLAY|/Application|titre_0_an60hxjik4|mediaType_1_vkeec14duq|category_2_3zssfj1trn|description_3_dyjw5f6r6t|externalLink_4_3xu0xzio84|
ADD_REPLAY|/Application|titre_0_nmlyouguj8|mediaType_1_xymplsfzsi|category_2_4rap95lh3m|description_3_sembeap7gi|externalLink_4_idwt3vfn6y|
ADD_REPLAY|/Application|titre_0_eeji3725e|mediaType_1_qtxr89pqtj|category_2_ixdofpqwkp|description_3_6poo1acjbq|externalLink_4_omt1v3junr|
ADD_REPLAY|/Application|titre_0_4clbigr7tw|mediaType_1_pvbu8m4xuz|category_2_tc8xxxf64s|description_3_2n7as2cynq|externalLink_4_nrom1x033o|
ADD_REPLAY|/Application|titre_0_bfthnw7zm4|mediaType_1_ddbj9ak8ej|category_2_ks1grp2xsn|description_3_5v2jz389ly|externalLink_4_rlq4rxq0jt|
ADD_REPLAY|/Application|titre_0_2h5zzbj99j|mediaType_1_wk93cco6km|category_2_2wvo2fawgr|description_3_dymdlfibzf|externalLink_4_qrz3q8sb11|
ADD_REPLAY|/Application|titre_0_lycmv1mjr4|mediaType_1_jk8lf8aqbe|category_2_468h8sbvik|description_3_6wa40xx4np|externalLink_4_h0h696p9x0|
ADD_REPLAY|/Application|titre_0_dz96la35nh|mediaType_1_45f2f0sila|category_2_jyi77fs8s7|description_3_zf68au1l7t|externalLink_4_j0e5bn7acx|
ADD_REPLAY|/Application|titre_0_8e0uaad5fv|mediaType_1_q4yy5o7kak|category_2_5tc4vq5fhv|description_3_6mmisqf6ri|externalLink_4_96ncc0swwr|
ADD_REPLAY|/Application|titre_0_gjcmmnheht|mediaType_1_jbc67v8gjf|category_2_dqntnyb74y|description_3_fssdfn8aic|externalLink_4_w0s94tagvk|
ADD_REPLAY|/Application|titre_0_vhng6rhy1b|mediaType_1_wvy77sor1|category_2_iw23hx8ou|description_3_xoenk3b5v2|externalLink_4_4f0rkolr66|
ADD_REPLAY|/Application|titre_0_u93e4ufq6f|mediaType_1_p75sotv6to|category_2_ofo0wh0o7p|description_3_gp7whxyljc|externalLink_4_1robbztd97|
ADD_REPLAY|/Application|titre_0_jf364dmv8x|mediaType_1_8zowgcvit3|category_2_2h9e27m6q9|description_3_jix90dvkfh|externalLink_4_h1wmndjcqw|
ADD_REPLAY|/Application|titre_0_747lnqgitt|mediaType_1_9jicsonfgr|category_2_s6l6ton5o3|description_3_o9zq6di4i5|externalLink_4_xsdzhjd5op|
ADD_REPLAY|/Application|titre_0_urthjiwqm8|mediaType_1_c3w84howo2|category_2_ve6ydxn3do|description_3_k81od7fnmo|externalLink_4_p85z2kr861|
ADD_REPLAY|/Application|titre_0_35nc5bcp1f|mediaType_1_5s7hh6orpo|category_2_1n1ziniurk|description_3_skk17k6qjp|externalLink_4_f0jgacya90|
ADD_REPLAY|/Application|titre_0_ti8oi1yk0e|mediaType_1_vrts70ierc|category_2_i8k0x573lh|description_3_s0a5lxyzg9|externalLink_4_1dp5krc5cs|
ADD_REPLAY|/Application|titre_0_vlkmphkdjc|mediaType_1_uw3vp8lt2m|category_2_xnc81djv2p|description_3_et6fuxqjtc|externalLink_4_mqcfm0q603|
ADD_REPLAY|/Application|titre_0_jybyxsbnrz|mediaType_1_6f4ol2qzfb|category_2_zs4gqwgg6r|description_3_kqrgxkr4sd|externalLink_4_vkqafi1wd1|
ADD_REPLAY|/Application|titre_0_dsl0xftvog|mediaType_1_wp8t0dwmv5|category_2_ku9a120ytj|description_3_kbglr5rm76|externalLink_4_7rzgvnpto0|
ADD_REPLAY|/Application|titre_0_9o0gqs4lsg|mediaType_1_g89qrpnr1x|category_2_5mqnrq670m|description_3_ea3glmc9e6|externalLink_4_l2n7bu1prv|
ADD_REPLAY|/Application|titre_0_qprc3hbb80|mediaType_1_tvgub6pici|category_2_ab8emeqmxf|description_3_1f7n502va7|externalLink_4_czo8kr2033|
ADD_REPLAY|/Application|titre_0_pt80255kud|mediaType_1_6khvuqjiog|category_2_bni9eiqect|description_3_t0vk12gb53|externalLink_4_3vv0azdaqi|
ADD_REPLAY|/Application|titre_0_a1rrkkfd84|mediaType_1_3alk16nd1|category_2_3cm7gwv4uj|description_3_lqqpccxf8n|externalLink_4_hnhcpq3sca|
ADD_REPLAY|/Application|titre_0_a9ly56rnnd|mediaType_1_5ttu96lnfn|category_2_h0vnuhlwam|description_3_1b0npc8jwr|externalLink_4_43zsj5hxeb|
ADD_REPLAY|/Application|titre_0_1kd54djoq|mediaType_1_hh33ajqq7m|category_2_4s3n5kx5xl|description_3_tdkvepdslz|externalLink_4_5kqtdh8oej|
ADD_REPLAY|/Application|titre_0_tuewyzpq68|mediaType_1_c1vl1mqd9z|category_2_62lselwkbf|description_3_ttzrhdki9x|externalLink_4_qho76mvdph|
ADD_REPLAY|/Application|titre_0_42rk9m08jz|mediaType_1_gnv8svpxhm|category_2_zj7850jbbh|description_3_7d51gki3wa|externalLink_4_7ows3hbvxm|
ADD_REPLAY|/Application|titre_0_fn57vq9of8|mediaType_1_lxzob1hjat|category_2_uii0y1mlqq|description_3_h8bdji0c3o|externalLink_4_363m5fcf0y|
ADD_REPLAY|/Application|titre_0_hmf72wn21r|mediaType_1_qu9mavus06|category_2_9lg98xvhkb|description_3_nkwtxrxqms|externalLink_4_t31p6fq1ey|
ADD_REPLAY|/Application|titre_0_pktwqhykiq|mediaType_1_oi8mpijyb3|category_2_mgycfrsnaz|description_3_844iq0xfts|externalLink_4_97rav63tu4|
ADD_REPLAY|/Application|titre_0_sa4lxyv54t|mediaType_1_tjv2aq1098|category_2_lviejbwkn4|description_3_h520j4uipj|externalLink_4_il3ank0g80|
ADD_REPLAY|/Application|titre_0_3bn6meufrd|mediaType_1_iu1qati7mu|category_2_ojv6azmeul|description_3_3x5n0l8m4a|externalLink_4_plx74tpk1x|
ADD_REPLAY|/Application|titre_0_pp0zlhrc2e|mediaType_1_46tzgvqoso|category_2_2kfcf6m58g|description_3_hxfkqbsb7i|externalLink_4_4wn917pk6|
ADD_REPLAY|/Application|titre_0_qdwy8gll8m|mediaType_1_5yganepbvi|category_2_94jd9njtli|description_3_k2al6a4dwy|externalLink_4_2g8059ve61|
ADD_REPLAY|/Application|titre_0_b1mw9g850y|mediaType_1_x7ktqwhhm2|category_2_n9mtf91m4p|description_3_mq7xexvv5z|externalLink_4_cs5c3qzlw4|
ADD_REPLAY|/Application|titre_0_4vqk32bp3y|mediaType_1_yp56qky2fb|category_2_4tr0fypix3|description_3_aenw6wxgun|externalLink_4_d3c5rtu1aq|
ADD_REPLAY|/Application|titre_0_kysvefqmsa|mediaType_1_lvqczt79sm|category_2_cs0oeu5o31|description_3_tca3mox0q6|externalLink_4_fdtrox4cz2|
ADD_REPLAY|/Application|titre_0_gmp9emsvcr|mediaType_1_jvw4ypakf2|category_2_ze6uo89izw|description_3_50fqwitilc|externalLink_4_1rlk5q6ws8|
ADD_REPLAY|/Application|titre_0_mi3oz7dosw|mediaType_1_fycq2r0on9|category_2_gu2dzlps43|description_3_uj523lt3c9|externalLink_4_1y5t5wxlxw|
ADD_REPLAY|/Application|titre_0_r6oj5at0pa|mediaType_1_myzfegl4cp|category_2_6zn02bwv7j|description_3_ddzowmtv74|externalLink_4_te6mt0sduo|
ADD_REPLAY|/Application|titre_0_fozox19ofj|mediaType_1_y4fxs5u0p8|category_2_qhjjm843ms|description_3_7z2pe295of|externalLink_4_x4gfffzvpz|
ADD_REPLAY|/Application|titre_0_y4m0e0v7vx|mediaType_1_a0gwxmzz19|category_2_k2xc1zjzp2|description_3_8ate2mhtnv|externalLink_4_mojgx3ygy1|
ADD_REPLAY|/Application|titre_0_u4f3jzg5um|mediaType_1_rjkbxkl50t|category_2_xvm7968lqo|description_3_qo9xd8mgh1|externalLink_4_topjhlchwr|
ADD_REPLAY|/Application|titre_0_srngnoqbu7|mediaType_1_7sp5gad2at|category_2_gufwyqj3yg|description_3_daby2o1wop|externalLink_4_ljr0drf4rj|
ADD_REPLAY|/Application|titre_0_y2y89m4z9t|mediaType_1_k1pm5cuz3c|category_2_nglldficjd|description_3_5xyda0guvc|externalLink_4_vbd97vsldv|
ADD_REPLAY|/Application|titre_0_oopvle6nx6|mediaType_1_elxz1zv5sb|category_2_ysw2i882vv|description_3_sgn1j4uqrq|externalLink_4_73bxr2sdf6|
ADD_REPLAY|/Application|titre_0_lh9uro0mny|mediaType_1_zsc69vxcrj|category_2_83bncyq97c|description_3_zib2ancg0g|externalLink_4_uaw4ig2r8y|
ADD_REPLAY|/Application|titre_0_x3ihz0e4sv|mediaType_1_qrgf2wpfx4|category_2_dv80zs3lle|description_3_ti290jvd5f|externalLink_4_dvrrq49tu9|
ADD_REPLAY|/Application|titre_0_ep0a1dbolk|mediaType_1_crmoxlb9f3|category_2_wa1flra3b7|description_3_awd7swfj2s|externalLink_4_w1wogjh667|
ADD_REPLAY|/Application|titre_0_6oiw6lxajx|mediaType_1_r9znbf43z2|category_2_mu42vat24l|description_3_tglm3f1bhy|externalLink_4_ffcp4n6j6y|
ADD_REPLAY|/Application|titre_0_q8h7hv7os4|mediaType_1_9m6fni82fb|category_2_py0l6ase7h|description_3_zsd5axk4kp|externalLink_4_tv7xd5ekbw|
ADD_REPLAY|/Application|titre_0_fgmaro1aj1|mediaType_1_i73d2f8yb8|category_2_ks2uv38gui|description_3_79kcymzq0f|externalLink_4_51uksqx8rb|
ADD_REPLAY|/Application|titre_0_kd9kwubl9t|mediaType_1_rzhruyvz9b|category_2_2hvezwke3q|description_3_xqmbkxlyl3|externalLink_4_3uxw04wvgs|
ADD_REPLAY|/Application|titre_0_2buznb3p2o|mediaType_1_2xtmbn7ig7|category_2_2rtniwpo2c|description_3_l5d8m3s58i|externalLink_4_3ura9i6s2e|
ADD_REPLAY|/Application|titre_0_jlxo7qndrs|mediaType_1_zhcqjx1wnk|category_2_6hfl1x6imc|description_3_8z907wgg26|externalLink_4_7ub0ez9i1j|
ADD_REPLAY|/Application|titre_0_ivnliqqiju|mediaType_1_kh4dyfwlxy|category_2_yb6urm0mna|description_3_refaoyimcn|externalLink_4_uhn2k4pl8m|
