ADD_RESSOURCES|/Application|titre_0_bqwe1x7v3v|description_1_qiywff1qgg|url_2_apyho0o7ms|mediaType_3_s6shrlam0m|
ADD_RESSOURCES|/Application|titre_0_lloq6p02iv|description_1_307b3aqedf|url_2_vb5es5f4ec|mediaType_3_s8oxagumr9|
ADD_RESSOURCES|/Application|titre_0_qryyro7i3y|description_1_hdyuu82h4g|url_2_7qjcze34tv|mediaType_3_rc3so5w445|
ADD_RESSOURCES|/Application|titre_0_w26vgvhv57|description_1_bzqo0atphq|url_2_u6uwzuj87g|mediaType_3_slmvkjj9qq|
ADD_RESSOURCES|/Application|titre_0_2yiiu3pl9j|description_1_ee2lbdrf2n|url_2_9lgllua8sk|mediaType_3_6yhk8irxuy|
ADD_RESSOURCES|/Application|titre_0_dz1h18nodh|description_1_lap2qjgj8u|url_2_3vhskgz9rk|mediaType_3_myro8n7s9x|
ADD_RESSOURCES|/Application|titre_0_i6m2fn0tsq|description_1_7oo4mnl7pk|url_2_x8iohdphif|mediaType_3_76m0ozzos5|
ADD_RESSOURCES|/Application|titre_0_3eca7mqtm7|description_1_by8vflcllp|url_2_smws3s7e96|mediaType_3_jcm294h3a8|
ADD_RESSOURCES|/Application|titre_0_5fvbopz5i3|description_1_oz7gkz8dtu|url_2_o40dkxiz22|mediaType_3_r492jccequ|
ADD_RESSOURCES|/Application|titre_0_8ux0kgfdo9|description_1_or1ugnz8bf|url_2_1ybo8igdhv|mediaType_3_17jq7lr3kq|
ADD_RESSOURCES|/Application|titre_0_acywm11ea7|description_1_kc3sfbmptd|url_2_p83cb56h1p|mediaType_3_co80nd69gb|
ADD_RESSOURCES|/Application|titre_0_z28ytzxa27|description_1_vpkcr3bxa3|url_2_cjvka3qwct|mediaType_3_mmmw20vwzg|
ADD_RESSOURCES|/Application|titre_0_hnnjkda6nm|description_1_39v4nkyzcn|url_2_qdvuqav73i|mediaType_3_i89rpnqpoc|
ADD_RESSOURCES|/Application|titre_0_ldyz6blg75|description_1_w1zw1wv4lg|url_2_9zayxsxia|mediaType_3_opvzmaa74g|
ADD_RESSOURCES|/Application|titre_0_jbo29987gx|description_1_3p7dj9dz1x|url_2_32xw8jclqy|mediaType_3_u9nd040jj3|
ADD_RESSOURCES|/Application|titre_0_5hdzdkos28|description_1_52sosbdwby|url_2_k0ghbear6z|mediaType_3_grfog32204|
ADD_RESSOURCES|/Application|titre_0_i6l8oyi1py|description_1_gda9ujf4k7|url_2_kvk8v42251|mediaType_3_cikyxygss4|
ADD_RESSOURCES|/Application|titre_0_pja7mm2v2u|description_1_i5vrpw6ie5|url_2_tfvi7bxavn|mediaType_3_3md97fslm7|
ADD_RESSOURCES|/Application|titre_0_wav614jvx6|description_1_m14h0wtvf7|url_2_xxk9adfq7c|mediaType_3_cdg3khgrpg|
ADD_RESSOURCES|/Application|titre_0_junjl2hif7|description_1_gifir7b7t8|url_2_jwe52887vw|mediaType_3_dgcab3ut0y|
ADD_RESSOURCES|/Application|titre_0_t6u0mx80km|description_1_c52u2qvnbz|url_2_4lm10d36kl|mediaType_3_xg32w0mddd|
ADD_RESSOURCES|/Application|titre_0_jrefbg6i14|description_1_2g7r1e0w2g|url_2_xx5y4uj7t1|mediaType_3_x82jbpezvj|
ADD_RESSOURCES|/Application|titre_0_xunxolr742|description_1_e98tk5qwft|url_2_s0qtm149fn|mediaType_3_soh5yonnfl|
ADD_RESSOURCES|/Application|titre_0_3hqwyaxrw8|description_1_vykig2q296|url_2_rc1imcpcbc|mediaType_3_pinkh3803|
ADD_RESSOURCES|/Application|titre_0_pwcxzilw4g|description_1_8nort1yitj|url_2_xaa731ae6r|mediaType_3_njmsg4l4fi|
ADD_RESSOURCES|/Application|titre_0_6cjsv9yfj8|description_1_2ywiyf4trv|url_2_2oe0hih9do|mediaType_3_v2ibaaygvu|
ADD_RESSOURCES|/Application|titre_0_sjy3y7xtyg|description_1_keurh9bawq|url_2_jpc8se036e|mediaType_3_19ppsw87wl|
ADD_RESSOURCES|/Application|titre_0_93h7sycqmd|description_1_57w3ejmivf|url_2_g9u4r82khm|mediaType_3_3uynavm9xi|
ADD_RESSOURCES|/Application|titre_0_963b00vcvx|description_1_52r8cg3fnl|url_2_ogxbhe1lt|mediaType_3_zm2d9atpp1|
ADD_RESSOURCES|/Application|titre_0_s0fm7nhq27|description_1_b59p99erco|url_2_na24hrjwpt|mediaType_3_2uxpfas372|
ADD_RESSOURCES|/Application|titre_0_6ff4ql4mxe|description_1_5cy4v3ho9e|url_2_fwyiomdizr|mediaType_3_jw89xrw5ui|
ADD_RESSOURCES|/Application|titre_0_o8tomemeep|description_1_e45g8u3r1r|url_2_frsk1urmbl|mediaType_3_c1jlc9wsfb|
ADD_RESSOURCES|/Application|titre_0_9ykl48dcwr|description_1_wl2pp4x7nd|url_2_58k6b3bsg3|mediaType_3_8tp01y8bjc|
ADD_RESSOURCES|/Application|titre_0_zsod2qgayd|description_1_5pew8rr86x|url_2_scw26g7g1n|mediaType_3_egxz5xq9bv|
ADD_RESSOURCES|/Application|titre_0_qrnsnryb2f|description_1_oufupzx6z7|url_2_6aycqcgrxi|mediaType_3_w947jyrw1g|
ADD_RESSOURCES|/Application|titre_0_aoywbnm612|description_1_kg0zqo31ez|url_2_bmi3tcnma3|mediaType_3_p2yw3bx07z|
ADD_RESSOURCES|/Application|titre_0_cufz8q2y0q|description_1_1spourchkf|url_2_j1pltso94w|mediaType_3_huf9qre2z8|
ADD_RESSOURCES|/Application|titre_0_urdvl85r94|description_1_vb6tvstyc7|url_2_ctfpfo98bi|mediaType_3_6epze9dn8a|
ADD_RESSOURCES|/Application|titre_0_ihddj3v3qr|description_1_3vvtlb6a1w|url_2_q8mw1bbqi2|mediaType_3_v5hfhpv9m3|
ADD_RESSOURCES|/Application|titre_0_c3zslt8k3r|description_1_x36wfsdnxb|url_2_862z9zrdwr|mediaType_3_2iuf1146ik|
ADD_RESSOURCES|/Application|titre_0_1qzjgnyiji|description_1_45uy8gzwr0|url_2_l960bh378b|mediaType_3_1bzg72h7jn|
ADD_RESSOURCES|/Application|titre_0_fbewr98pum|description_1_hjvtwpfzie|url_2_s1gvrafgzq|mediaType_3_nh1qohjxjc|
ADD_RESSOURCES|/Application|titre_0_xnr34eozyo|description_1_f1fgz7uz0r|url_2_pl99icbnbu|mediaType_3_dffkk2o2rl|
ADD_RESSOURCES|/Application|titre_0_k7ki7xape7|description_1_uadebtzgrr|url_2_jlxtjn27v9|mediaType_3_5f4obwxzsp|
ADD_RESSOURCES|/Application|titre_0_lpuy1q27zk|description_1_6lf9rm40pk|url_2_jhl7bj9nno|mediaType_3_xnoqhk6jr9|
ADD_RESSOURCES|/Application|titre_0_3rfrj2vvae|description_1_kespfqn7bf|url_2_w1b346n5uw|mediaType_3_l7ndigejsw|
ADD_RESSOURCES|/Application|titre_0_cutk7qeu8h|description_1_n5klwsby2r|url_2_q2fparqeid|mediaType_3_m6g3npfwo0|
ADD_RESSOURCES|/Application|titre_0_u56irnhvne|description_1_p6roi8ic3t|url_2_45sikp1t90|mediaType_3_q7lcgvvc1s|
ADD_RESSOURCES|/Application|titre_0_fu6amed2a2|description_1_7sfygxlq7t|url_2_iss0i60qzp|mediaType_3_61aa0eai0e|
ADD_RESSOURCES|/Application|titre_0_vfxrjvgpks|description_1_ppq5qjcrgo|url_2_4s6eq26qlg|mediaType_3_vvxh10jkqg|
ADD_RESSOURCES|/Application|titre_0_gn67g6jvfk|description_1_4vv1ij3m01|url_2_mdpzwpnpzd|mediaType_3_uivokqgvky|
ADD_RESSOURCES|/Application|titre_0_hcp1mh6r9b|description_1_h5xp76u5ld|url_2_kv1r6joh7r|mediaType_3_uvq7fqdu55|
ADD_RESSOURCES|/Application|titre_0_2o2ovd6wvp|description_1_ydndk8v2p0|url_2_3a0tioj7kr|mediaType_3_gkbrp6lng4|
ADD_RESSOURCES|/Application|titre_0_so7ppodvmr|description_1_20yg7zf5px|url_2_oftrdk7zmh|mediaType_3_2881fweh56|
ADD_RESSOURCES|/Application|titre_0_uumq1irqke|description_1_inl9xlyt7z|url_2_g41cex5kht|mediaType_3_b67j5hnye4|
ADD_RESSOURCES|/Application|titre_0_3k9v2kg9tz|description_1_w2l5g4j5j3|url_2_dgcuj0jm0y|mediaType_3_h34laasm9a|
ADD_RESSOURCES|/Application|titre_0_dhkvpw44bu|description_1_6s3cnefrw7|url_2_1wi3db790n|mediaType_3_j8cc0l1871|
ADD_RESSOURCES|/Application|titre_0_ozoidttga7|description_1_obti6lbo0g|url_2_igc3cythin|mediaType_3_pq2j7f75s1|
ADD_RESSOURCES|/Application|titre_0_nx3vh8y2d0|description_1_5c7xn1mlhc|url_2_d9a5c8f7cq|mediaType_3_s3k89dmcud|
ADD_RESSOURCES|/Application|titre_0_rmtu2f0111|description_1_bse5i8hzpf|url_2_9aaxqbh9x7|mediaType_3_6l0h1xm3hl|
ADD_RESSOURCES|/Application|titre_0_s0b0077vo1|description_1_c0a7l7441w|url_2_po8tw13mrp|mediaType_3_kzw7sfu7o5|
ADD_RESSOURCES|/Application|titre_0_194ic188of|description_1_4gan16d17h|url_2_vvo2ryn2x7|mediaType_3_skqjk5ltx2|
ADD_RESSOURCES|/Application|titre_0_mfjyok3ovl|description_1_lo4pk79vfu|url_2_aasce76g32|mediaType_3_c5y25mh9pm|
ADD_RESSOURCES|/Application|titre_0_g39z8bzrnf|description_1_6rwwmyagj7|url_2_zc7nk2tnvt|mediaType_3_vegx02m0yw|
ADD_RESSOURCES|/Application|titre_0_fkc2t1wvml|description_1_kir7hin0zg|url_2_enaplxg2u6|mediaType_3_9u1ckqvall|
ADD_RESSOURCES|/Application|titre_0_ttlg2g7mej|description_1_mxzkeco6jz|url_2_r1a26wbvp|mediaType_3_rdskpl74n7|
ADD_RESSOURCES|/Application|titre_0_1hf6p96rbh|description_1_pzt14u5esf|url_2_a2yfhaj69u|mediaType_3_hr14sm7eki|
ADD_RESSOURCES|/Application|titre_0_f4hj6ycwly|description_1_pbbu6a52bp|url_2_j7dkrghndg|mediaType_3_ylgyttmk2y|
ADD_RESSOURCES|/Application|titre_0_gv0nsgdb4a|description_1_24juo98gp9|url_2_rey106sc8l|mediaType_3_34ij9kbsqh|
ADD_RESSOURCES|/Application|titre_0_fokgi9bimq|description_1_f8p9dm7u3|url_2_5brqreiv0q|mediaType_3_9woog3yjzd|
ADD_RESSOURCES|/Application|titre_0_hvv48ggtl1|description_1_91v60igmhc|url_2_b6q1lx0ivm|mediaType_3_xsu6zuuo09|
ADD_RESSOURCES|/Application|titre_0_y6g8gq9xfg|description_1_ig4jkwx4ll|url_2_yfeuzpoml4|mediaType_3_i8ae75nvli|
ADD_RESSOURCES|/Application|titre_0_ocbdbv5x62|description_1_2o78qy62b4|url_2_ujcehty511|mediaType_3_u75it463tx|
ADD_RESSOURCES|/Application|titre_0_avc5j8t813|description_1_amgwmtm31v|url_2_b10pmd5fkw|mediaType_3_zvhn2rd717|
ADD_RESSOURCES|/Application|titre_0_qcnpha7c6j|description_1_2p22tltumd|url_2_nqmc022ss9|mediaType_3_r9on6kcb2h|
ADD_RESSOURCES|/Application|titre_0_n1z2ldwdve|description_1_la589v48is|url_2_d89gsu76k8|mediaType_3_l4hk2yfn64|
ADD_RESSOURCES|/Application|titre_0_bt4dzm0ids|description_1_2iik3m1x9|url_2_2ggmlq8v5l|mediaType_3_7a22as4ggf|
ADD_RESSOURCES|/Application|titre_0_5uo8f7gucr|description_1_n2m8yupco1|url_2_7i7ossnre|mediaType_3_srng72ukya|
ADD_RESSOURCES|/Application|titre_0_ue6x1dyj09|description_1_8ukkeods6u|url_2_yfzsh7rxde|mediaType_3_tsx0pj4svw|
ADD_RESSOURCES|/Application|titre_0_f720i7g6ul|description_1_jlxgwxhk58|url_2_a3bpvkyyo|mediaType_3_l3y7fwfj0q|
ADD_RESSOURCES|/Application|titre_0_93x9tpfgbd|description_1_iwvwc6bf1|url_2_mycthaemyw|mediaType_3_l57xe3ql57|
ADD_RESSOURCES|/Application|titre_0_vvsrz05bmf|description_1_nyt1z79nq2|url_2_huacbx1xz2|mediaType_3_rkcy9ndqxq|
ADD_RESSOURCES|/Application|titre_0_kytqf3uv7k|description_1_mzvtgj92fc|url_2_mudruyf9n7|mediaType_3_88yc7g1b9q|
ADD_RESSOURCES|/Application|titre_0_dv3h48rjcw|description_1_u58tmu07df|url_2_rdzdn8civp|mediaType_3_m9fhjhz58i|
ADD_RESSOURCES|/Application|titre_0_aa3in61epi|description_1_w2r975zi2x|url_2_6paef5blr6|mediaType_3_9snfwx0b7e|
ADD_RESSOURCES|/Application|titre_0_3zxst9ywi0|description_1_q6oiv39kri|url_2_4mp2wn0ipq|mediaType_3_pfl4nr8pik|
ADD_RESSOURCES|/Application|titre_0_dqbsdggnq9|description_1_68paj1ugss|url_2_619uo48v0j|mediaType_3_mphobw6ks3|
ADD_RESSOURCES|/Application|titre_0_2d2nt07qdk|description_1_1vi7rs5tdp|url_2_kjsyq5p3q9|mediaType_3_wqwjk07m0h|
ADD_RESSOURCES|/Application|titre_0_htn1hx3vzy|description_1_66m8jfga5d|url_2_j2ppxy7zx7|mediaType_3_787vdxjhz5|
ADD_RESSOURCES|/Application|titre_0_5ti9ys1qqp|description_1_wwmtvgesw1|url_2_3467xp4ep5|mediaType_3_ulrfj0nseq|
ADD_RESSOURCES|/Application|titre_0_2iqvn7m3ij|description_1_n70gaf0ntc|url_2_e6msfldy8o|mediaType_3_fjemu8xyeb|
ADD_RESSOURCES|/Application|titre_0_j9pogcnews|description_1_ivkr70503i|url_2_fetcrxwmqr|mediaType_3_qq385jddro|
ADD_RESSOURCES|/Application|titre_0_6pd3on3i8x|description_1_rgw7xuhvu8|url_2_k2hhced8lh|mediaType_3_dvpsng5clm|
ADD_RESSOURCES|/Application|titre_0_vc3slh9d6u|description_1_7kj6586u4g|url_2_h3sxyxooqw|mediaType_3_hkvhrxdbzv|
ADD_RESSOURCES|/Application|titre_0_m03p4dpdct|description_1_9a2a397ubk|url_2_27n4o1lika|mediaType_3_km0t497rs1|
ADD_RESSOURCES|/Application|titre_0_k1lcpm7ppj|description_1_v0czf11j7u|url_2_ir7ziqaa33|mediaType_3_tsmvwf7gk3|
ADD_RESSOURCES|/Application|titre_0_j5hutl1620|description_1_3mii8l3yt0|url_2_2goizvpexd|mediaType_3_kgrvmrocog|
ADD_RESSOURCES|/Application|titre_0_a6wcxadv59|description_1_c0s0zu9ol2|url_2_7b1ju08tyw|mediaType_3_gfagcape0l|
ADD_RESSOURCES|/Application|titre_0_sfhxrvs44c|description_1_e8i2ivfwhr|url_2_4hxj39mo94|mediaType_3_zpgoevjcjj|
ADD_RESSOURCES|/Application|titre_0_uxrv0ocxvp|description_1_h7k3y0txcz|url_2_rsmgo25ff6|mediaType_3_v5huexqgip|
