ADD_WEBINAR|/Application|title_0_62chqg945w|description_1_1nx3l248cq|01/01/2021|meetingLink_3_8k5wgm8a4z|
ADD_WEBINAR|/Application|title_0_logy1cmj36|description_1_xzh9k12wh3|01/01/2021|meetingLink_3_eviktpctg4|
ADD_WEBINAR|/Application|title_0_2llanod7p5|description_1_32hoi1bmj6|01/01/2021|meetingLink_3_c6ub4lqy5z|
ADD_WEBINAR|/Application|title_0_m0rpcyldms|description_1_e9gzdqdj6s|01/01/2021|meetingLink_3_4gd94ni53y|
ADD_WEBINAR|/Application|title_0_6x68wpsqxp|description_1_m6re8hyov5|01/01/2021|meetingLink_3_m8j57wujqz|
ADD_WEBINAR|/Application|title_0_m0mglso321|description_1_bhtxqtmsk3|01/01/2021|meetingLink_3_wfjprie5a|
ADD_WEBINAR|/Application|title_0_pwyz7yhlsb|description_1_o075k0948k|01/01/2021|meetingLink_3_f4adjen2e3|
ADD_WEBINAR|/Application|title_0_arnwe3mykb|description_1_tj0k8a3p89|01/01/2021|meetingLink_3_xmutg7cdks|
ADD_WEBINAR|/Application|title_0_ekasxt18u4|description_1_2gtlq5qgz5|01/01/2021|meetingLink_3_7cqkec961q|
ADD_WEBINAR|/Application|title_0_qw5qafexad|description_1_jjwoznk8b8|01/01/2021|meetingLink_3_kngsfigbaw|
ADD_WEBINAR|/Application|title_0_1xi9kn7mtp|description_1_l1mzi9ecbk|01/01/2021|meetingLink_3_i6ehqmc4sc|
ADD_WEBINAR|/Application|title_0_guxhayvg4h|description_1_li3zrbjfic|01/01/2021|meetingLink_3_tnw75r0zae|
ADD_WEBINAR|/Application|title_0_pls9nu9gjk|description_1_d732a7is3r|01/01/2021|meetingLink_3_iuh3e7c7i8|
ADD_WEBINAR|/Application|title_0_d5koa96c7i|description_1_f22f5v9kkj|01/01/2021|meetingLink_3_y6e2wnh89l|
ADD_WEBINAR|/Application|title_0_i5usbs26e3|description_1_e6dnsc3idu|01/01/2021|meetingLink_3_mhgp3sbbk8|
ADD_WEBINAR|/Application|title_0_mm3p7kvwxf|description_1_kgqotklq58|01/01/2021|meetingLink_3_j93l6kxd4i|
ADD_WEBINAR|/Application|title_0_h4rytwh4oc|description_1_umkgjfdjqm|01/01/2021|meetingLink_3_hgsy0hvngf|
ADD_WEBINAR|/Application|title_0_ueq0jrxpjg|description_1_9qwiq1jptg|01/01/2021|meetingLink_3_z0ohyhg4un|
ADD_WEBINAR|/Application|title_0_7cbdfprp4n|description_1_mwb1ac3vrq|01/01/2021|meetingLink_3_jq9sqcygpl|
ADD_WEBINAR|/Application|title_0_e653mdymig|description_1_dej76mwi40|01/01/2021|meetingLink_3_owan955ouu|
ADD_WEBINAR|/Application|title_0_pewfm4fe04|description_1_as4mf2qpsa|01/01/2021|meetingLink_3_nob53g80s1|
ADD_WEBINAR|/Application|title_0_kvo4a7n4jg|description_1_oxj50mky3n|01/01/2021|meetingLink_3_ig4qs88v2i|
ADD_WEBINAR|/Application|title_0_1an0vwnhpb|description_1_5waegu7y1s|01/01/2021|meetingLink_3_xrj9sz6709|
ADD_WEBINAR|/Application|title_0_t5lbwnys4o|description_1_zf5vp1os4x|01/01/2021|meetingLink_3_s156lohccl|
ADD_WEBINAR|/Application|title_0_s8vbatnahj|description_1_n3qz28ka6x|01/01/2021|meetingLink_3_zv4w8twroq|
ADD_WEBINAR|/Application|title_0_j0jvezu94p|description_1_adz20ht6c9|01/01/2021|meetingLink_3_bj8gjfrk65|
ADD_WEBINAR|/Application|title_0_j9qvz9uk59|description_1_9g9f3kro69|01/01/2021|meetingLink_3_bk713c71wz|
ADD_WEBINAR|/Application|title_0_udttizb7am|description_1_4gnd6qa0w3|01/01/2021|meetingLink_3_du2iffm6km|
ADD_WEBINAR|/Application|title_0_o6vyimixmo|description_1_x7n261pzib|01/01/2021|meetingLink_3_xaiq6di65a|
ADD_WEBINAR|/Application|title_0_qgeya659nn|description_1_ggpok5tif6|01/01/2021|meetingLink_3_kno62ogtk8|
ADD_WEBINAR|/Application|title_0_d2y22rcbsv|description_1_vw9wnq5xj3|01/01/2021|meetingLink_3_9tbp8mhrba|
ADD_WEBINAR|/Application|title_0_20m9v3r5nv|description_1_izff9lj3ua|01/01/2021|meetingLink_3_688anzsxn8|
ADD_WEBINAR|/Application|title_0_yur3c7suez|description_1_x1du6bjo48|01/01/2021|meetingLink_3_q79dcex810|
ADD_WEBINAR|/Application|title_0_zw7vl5da0d|description_1_3j1k9lmp9o|01/01/2021|meetingLink_3_tvy82ax3cb|
ADD_WEBINAR|/Application|title_0_sfs3ss09bv|description_1_z5sb1wr020|01/01/2021|meetingLink_3_60pf5lx8n|
ADD_WEBINAR|/Application|title_0_79etilgpgt|description_1_2iz3gdyetz|01/01/2021|meetingLink_3_3g8cfmfre8|
ADD_WEBINAR|/Application|title_0_z5xriostlc|description_1_ope9envj6i|01/01/2021|meetingLink_3_sqfu5grj32|
ADD_WEBINAR|/Application|title_0_xlnzffsc9h|description_1_vl7kw0181w|01/01/2021|meetingLink_3_ejlhw12xn5|
ADD_WEBINAR|/Application|title_0_j125sht18c|description_1_7z816uqk3t|01/01/2021|meetingLink_3_yx3z4t4igl|
ADD_WEBINAR|/Application|title_0_l51nnzyrit|description_1_dvu0di8j1x|01/01/2021|meetingLink_3_yp6hok8fmx|
ADD_WEBINAR|/Application|title_0_snz2q2m8ek|description_1_w1gkievv09|01/01/2021|meetingLink_3_wyne02fyec|
ADD_WEBINAR|/Application|title_0_5pw7rzwh6c|description_1_mpumy70lfl|01/01/2021|meetingLink_3_a6bd6fstwj|
ADD_WEBINAR|/Application|title_0_dy6549v2hh|description_1_nug7ke4rh3|01/01/2021|meetingLink_3_shh8dapuy2|
ADD_WEBINAR|/Application|title_0_2sqcs7xv76|description_1_v7d7nyk5o2|01/01/2021|meetingLink_3_mrbid2of9j|
ADD_WEBINAR|/Application|title_0_653az05ib3|description_1_hggzr9uzm1|01/01/2021|meetingLink_3_3wn3h58wxz|
ADD_WEBINAR|/Application|title_0_zkseqnyvya|description_1_tvsf6n2be2|01/01/2021|meetingLink_3_oxgjrbwteq|
ADD_WEBINAR|/Application|title_0_jx2xuljyqw|description_1_wtjzgp62wy|01/01/2021|meetingLink_3_otz5nl0js5|
ADD_WEBINAR|/Application|title_0_81igfvm89f|description_1_avsv38b4gn|01/01/2021|meetingLink_3_n446qkjeak|
ADD_WEBINAR|/Application|title_0_8t36a94g0g|description_1_u4zf6ppmkw|01/01/2021|meetingLink_3_tjqfr79epk|
ADD_WEBINAR|/Application|title_0_6170sy6ff2|description_1_zmt6rxt99b|01/01/2021|meetingLink_3_m1gmtlkh2y|
ADD_WEBINAR|/Application|title_0_rkqu0tuzn1|description_1_satif9zk9w|01/01/2021|meetingLink_3_8nh0fdew4d|
ADD_WEBINAR|/Application|title_0_5iffvgz1hl|description_1_ac9jnzhjuh|01/01/2021|meetingLink_3_dnmxxp4ht9|
ADD_WEBINAR|/Application|title_0_p07qrhb1cw|description_1_txawjzgoqu|01/01/2021|meetingLink_3_71i57tlqmk|
ADD_WEBINAR|/Application|title_0_n7rpc40yyu|description_1_xnp7n1e8bw|01/01/2021|meetingLink_3_i57pi3dn2o|
ADD_WEBINAR|/Application|title_0_103p68d0fl|description_1_qhsz4fhi80|01/01/2021|meetingLink_3_nyp6vkgltc|
ADD_WEBINAR|/Application|title_0_b4a0n094r|description_1_8q6vuvwb5f|01/01/2021|meetingLink_3_292pzlhogu|
ADD_WEBINAR|/Application|title_0_uz3qqsbwdz|description_1_r63d3eq2tc|01/01/2021|meetingLink_3_c59yys7wge|
ADD_WEBINAR|/Application|title_0_9qcrj4xkbs|description_1_vwv8d1lcbm|01/01/2021|meetingLink_3_vul3nq8ui|
ADD_WEBINAR|/Application|title_0_igq0d46z0u|description_1_s6swof9mrb|01/01/2021|meetingLink_3_jjryw7hzo5|
ADD_WEBINAR|/Application|title_0_pd738jwbvc|description_1_4qi1mgs14r|01/01/2021|meetingLink_3_akxy6mg9oy|
ADD_WEBINAR|/Application|title_0_7auc8p8y1c|description_1_6czdypqwke|01/01/2021|meetingLink_3_4duxtpt29y|
ADD_WEBINAR|/Application|title_0_ite2cqkwsi|description_1_ohej1dm63i|01/01/2021|meetingLink_3_x1k37hdqha|
ADD_WEBINAR|/Application|title_0_8lzyiar0rk|description_1_e6o189ivvb|01/01/2021|meetingLink_3_6emsbvj7aj|
ADD_WEBINAR|/Application|title_0_lijbfdw9vu|description_1_tdoq3oa99l|01/01/2021|meetingLink_3_oywxia2an0|
ADD_WEBINAR|/Application|title_0_s2pgbkifqd|description_1_i7xbzj7ry0|01/01/2021|meetingLink_3_m6bkx8zbum|
ADD_WEBINAR|/Application|title_0_2ovhcrbrzi|description_1_839g7iu6g6|01/01/2021|meetingLink_3_yzzkvszij5|
ADD_WEBINAR|/Application|title_0_hnec9pldou|description_1_h73tj2egny|01/01/2021|meetingLink_3_3aph19j6pz|
ADD_WEBINAR|/Application|title_0_dht8s08mjf|description_1_zb9iz96vo2|01/01/2021|meetingLink_3_jezetqx3ic|
ADD_WEBINAR|/Application|title_0_371twg33qx|description_1_4pan6u0ke1|01/01/2021|meetingLink_3_1yxs6ms4o9|
ADD_WEBINAR|/Application|title_0_dklzg5h6q7|description_1_5urg6t9t99|01/01/2021|meetingLink_3_xbyoj1cwm4|
ADD_WEBINAR|/Application|title_0_bcb60m3qpg|description_1_z1isxbye96|01/01/2021|meetingLink_3_oad81ocuns|
ADD_WEBINAR|/Application|title_0_ts84jfsigt|description_1_5b2miy5vr4|01/01/2021|meetingLink_3_6xjfx78okp|
ADD_WEBINAR|/Application|title_0_1t882ac87r|description_1_5grsqdg7zj|01/01/2021|meetingLink_3_uw7ex32z5n|
ADD_WEBINAR|/Application|title_0_8grafnnykz|description_1_z1pqud3fls|01/01/2021|meetingLink_3_s8kod8lkhd|
ADD_WEBINAR|/Application|title_0_bazj45tx9r|description_1_x6i6si0oda|01/01/2021|meetingLink_3_inlxae4ebt|
ADD_WEBINAR|/Application|title_0_c309wxfx1c|description_1_kuespbfjbr|01/01/2021|meetingLink_3_v8tkbn1y57|
ADD_WEBINAR|/Application|title_0_jd6mye3snp|description_1_ti5m36zryy|01/01/2021|meetingLink_3_97fn3idlwf|
ADD_WEBINAR|/Application|title_0_o8z48irv5n|description_1_41achxbsm9|01/01/2021|meetingLink_3_gopi679h9o|
ADD_WEBINAR|/Application|title_0_sw5egj229v|description_1_phxvazb2k1|01/01/2021|meetingLink_3_prmj01c02s|
ADD_WEBINAR|/Application|title_0_jjkls0jbbh|description_1_8n3k6x2afc|01/01/2021|meetingLink_3_r296z1w00e|
ADD_WEBINAR|/Application|title_0_awxe8rlrkh|description_1_icit2vy4gc|01/01/2021|meetingLink_3_82l1n5fs6p|
ADD_WEBINAR|/Application|title_0_goj59yrhfw|description_1_pf5tus080g|01/01/2021|meetingLink_3_e01y2q6ud0|
ADD_WEBINAR|/Application|title_0_81c2hr46se|description_1_dy4sbh8htm|01/01/2021|meetingLink_3_uahxbtevxy|
ADD_WEBINAR|/Application|title_0_x3xxf1u2oa|description_1_jv5x31ggvf|01/01/2021|meetingLink_3_ja965gpfer|
ADD_WEBINAR|/Application|title_0_fpvn4w9qb7|description_1_5sjnqr1nik|01/01/2021|meetingLink_3_lrmk9gfkvn|
ADD_WEBINAR|/Application|title_0_qjslfhyb96|description_1_bfrxt1yfgr|01/01/2021|meetingLink_3_mtuzmw00xi|
ADD_WEBINAR|/Application|title_0_xb6baj3ho3|description_1_47p52k49zu|01/01/2021|meetingLink_3_gf367yxysn|
ADD_WEBINAR|/Application|title_0_62cttskf7n|description_1_3zlmejwqel|01/01/2021|meetingLink_3_2l6efgyafx|
ADD_WEBINAR|/Application|title_0_jw3apynj9z|description_1_d5qaybz5d8|01/01/2021|meetingLink_3_1qfz9dzwg1|
ADD_WEBINAR|/Application|title_0_h4lbul5ivw|description_1_j2agnz2p8k|01/01/2021|meetingLink_3_91xrbqq11g|
ADD_WEBINAR|/Application|title_0_4p59vify1|description_1_z8zovvw4ww|01/01/2021|meetingLink_3_t4wnoqwio4|
ADD_WEBINAR|/Application|title_0_newvkq5eyh|description_1_bkj734rcnq|01/01/2021|meetingLink_3_hc57yzdk5v|
ADD_WEBINAR|/Application|title_0_ufjtrkftbp|description_1_6175xbbbop|01/01/2021|meetingLink_3_t2jftv6p5q|
ADD_WEBINAR|/Application|title_0_8aqzkblwp4|description_1_znmk1bw35d|01/01/2021|meetingLink_3_xjv90vpgkl|
ADD_WEBINAR|/Application|title_0_ijm9hl5jei|description_1_tmy9ofyvqp|01/01/2021|meetingLink_3_qo1yay97ar|
ADD_WEBINAR|/Application|title_0_7wvlqmdat|description_1_2x99ccvrxk|01/01/2021|meetingLink_3_7vwwaumwvi|
ADD_WEBINAR|/Application|title_0_z2z55bmd8r|description_1_lzk3y5j20q|01/01/2021|meetingLink_3_896px1tfl7|
ADD_WEBINAR|/Application|title_0_vkgov5qzyp|description_1_bdtos5g681|01/01/2021|meetingLink_3_59svbd0wih|
ADD_WEBINAR|/Application|title_0_nj3woke99o|description_1_ggu7hkmh8q|01/01/2021|meetingLink_3_f6fwtaj1j4|
ADD_WEBINAR|/Application|title_0_o2njeqg9uy|description_1_8p83xbfn8m|01/01/2021|meetingLink_3_omykt4q3n2|
